family,vertices,alpha,epsilon,leakage_fraction,cap,succeeded,checkpoint_count,envelope_volume,priority_work,priority_pushes,gate_work,scratch_iterations,scratch_work,total_work,direct_appr_work,direct_priority_work,ratio_to_best_direct,semantic_error
path-96,96,0.01,0.005,0.5,400,False,5,0,1162,613,5,0,0,1167,1303,1162,1.004302925989673,0.00373955965485646
path-96,96,0.01,0.005,0.75,400,False,5,0,1162,613,5,0,0,1167,1303,1162,1.004302925989673,0.00373955965485646
path-96,96,0.01,0.005,0.9,400,False,5,0,1162,613,5,0,0,1167,1303,1162,1.004302925989673,0.00373955965485646
path-96,96,0.01,0.005,0.99,400,False,5,0,1162,613,5,0,0,1167,1303,1162,1.004302925989673,0.00373955965485646
path-96,96,0.01,0.01,0.5,200,False,5,0,745,397,5,0,0,750,966,745,1.0067114093959733,0.006888335280516996
path-96,96,0.01,0.01,0.75,200,False,5,0,745,397,5,0,0,750,966,745,1.0067114093959733,0.006888335280516996
path-96,96,0.01,0.01,0.9,200,False,5,0,745,397,5,0,0,750,966,745,1.0067114093959733,0.006888335280516996
path-96,96,0.01,0.01,0.99,200,False,5,0,745,397,5,0,0,750,966,745,1.0067114093959733,0.006888335280516996
path-96,96,0.01,0.02,0.5,100,False,4,0,417,226,4,0,0,421,482,417,1.0095923261390887,0.012690824763597373
path-96,96,0.01,0.02,0.75,100,False,4,0,417,226,4,0,0,421,482,417,1.0095923261390887,0.012690824763597373
path-96,96,0.01,0.02,0.9,100,False,4,0,417,226,4,0,0,421,482,417,1.0095923261390887,0.012690824763597373
path-96,96,0.01,0.02,0.99,100,False,4,0,417,226,4,0,0,421,482,417,1.0095923261390887,0.012690824763597373
path-96,96,0.04,0.005,0.5,400,False,4,0,252,137,4,0,0,256,299,252,1.0158730158730158,0.0029928118686986705
path-96,96,0.04,0.005,0.75,400,False,4,0,252,137,4,0,0,256,299,252,1.0158730158730158,0.0029928118686986705
path-96,96,0.04,0.005,0.9,400,False,4,0,252,137,4,0,0,256,299,252,1.0158730158730158,0.0029928118686986705
path-96,96,0.04,0.005,0.99,400,False,4,0,252,137,4,0,0,256,299,252,1.0158730158730158,0.0029928118686986705
path-96,96,0.04,0.01,0.5,200,False,4,0,148,82,4,0,0,152,184,148,1.027027027027027,0.007384995402525945
path-96,96,0.04,0.01,0.75,200,False,4,0,148,82,4,0,0,152,184,148,1.027027027027027,0.007384995402525945
path-96,96,0.04,0.01,0.9,200,False,4,0,148,82,4,0,0,152,184,148,1.027027027027027,0.007384995402525945
path-96,96,0.04,0.01,0.99,200,False,4,0,148,82,4,0,0,152,184,148,1.027027027027027,0.007384995402525945
path-96,96,0.04,0.02,0.5,100,False,4,0,103,58,4,0,0,107,99,103,1.0808080808080809,0.012352262375627901
path-96,96,0.04,0.02,0.75,100,False,4,0,103,58,4,0,0,107,99,103,1.0808080808080809,0.012352262375627901
path-96,96,0.04,0.02,0.9,100,False,4,0,103,58,4,0,0,107,99,103,1.0808080808080809,0.012352262375627901
path-96,96,0.04,0.02,0.99,100,False,4,0,103,58,4,0,0,107,99,103,1.0808080808080809,0.012352262375627901
path-96,96,0.16,0.005,0.5,400,False,3,0,45,26,3,0,0,48,48,45,1.0666666666666667,0.0027761877275238223
path-96,96,0.16,0.005,0.75,400,False,3,0,45,26,3,0,0,48,48,45,1.0666666666666667,0.0027761877275238223
path-96,96,0.16,0.005,0.9,400,False,3,0,45,26,3,0,0,48,48,45,1.0666666666666667,0.0027761877275238223
path-96,96,0.16,0.005,0.99,400,False,3,0,45,26,3,0,0,48,48,45,1.0666666666666667,0.0027761877275238223
path-96,96,0.16,0.01,0.5,200,False,3,0,30,18,3,0,0,33,35,30,1.1,0.0068890223921675145
path-96,96,0.16,0.01,0.75,200,False,3,0,30,18,3,0,0,33,35,30,1.1,0.0068890223921675145
path-96,96,0.16,0.01,0.9,200,False,3,0,30,18,3,0,0,33,35,30,1.1,0.0068890223921675145
path-96,96,0.16,0.01,0.99,200,False,3,0,30,18,3,0,0,33,35,30,1.1,0.0068890223921675145
path-96,96,0.16,0.02,0.5,100,False,3,0,27,16,3,0,0,30,27,27,1.1111111111111112,0.00835012000900057
path-96,96,0.16,0.02,0.75,100,False,3,0,27,16,3,0,0,30,27,27,1.1111111111111112,0.00835012000900057
path-96,96,0.16,0.02,0.9,100,False,3,0,27,16,3,0,0,30,27,27,1.1111111111111112,0.00835012000900057
path-96,96,0.16,0.02,0.99,100,False,3,0,27,16,3,0,0,30,27,27,1.1111111111111112,0.00835012000900057
cycle-96,96,0.01,0.005,0.5,400,False,5,0,1490,745,5,0,0,1495,1932,1490,1.0033557046979866,0.003444168421665025
cycle-96,96,0.01,0.005,0.75,400,False,5,0,1490,745,5,0,0,1495,1932,1490,1.0033557046979866,0.003444168421665025
cycle-96,96,0.01,0.005,0.9,400,False,5,0,1490,745,5,0,0,1495,1932,1490,1.0033557046979866,0.003444168421665025
cycle-96,96,0.01,0.005,0.99,400,False,5,0,1490,745,5,0,0,1495,1932,1490,1.0033557046979866,0.003444168421665025
cycle-96,96,0.01,0.01,0.5,200,False,5,0,834,417,5,0,0,839,964,834,1.0059952038369304,0.00634541304719746
cycle-96,96,0.01,0.01,0.75,200,False,5,0,834,417,5,0,0,839,964,834,1.0059952038369304,0.00634541304719746
cycle-96,96,0.01,0.01,0.9,200,False,5,0,834,417,5,0,0,839,964,834,1.0059952038369304,0.00634541304719746
cycle-96,96,0.01,0.01,0.99,200,False,5,0,834,417,5,0,0,839,964,834,1.0059952038369304,0.00634541304719746
cycle-96,96,0.01,0.02,0.5,100,False,5,0,396,198,5,0,0,401,328,396,1.2225609756097562,0.011315811860041998
cycle-96,96,0.01,0.02,0.75,100,False,5,0,396,198,5,0,0,401,328,396,1.2225609756097562,0.011315811860041998
cycle-96,96,0.01,0.02,0.9,100,False,5,0,396,198,5,0,0,401,328,396,1.2225609756097562,0.011315811860041998
cycle-96,96,0.01,0.02,0.99,100,False,5,0,396,198,5,0,0,401,328,396,1.2225609756097562,0.011315811860041998
cycle-96,96,0.04,0.005,0.5,400,False,5,0,296,148,5,0,0,301,368,296,1.0168918918918919,0.0036924977012629933
cycle-96,96,0.04,0.005,0.75,400,False,5,0,296,148,5,0,0,301,368,296,1.0168918918918919,0.0036924977012629933
cycle-96,96,0.04,0.005,0.9,400,False,5,0,296,148,5,0,0,301,368,296,1.0168918918918919,0.0036924977012629933
cycle-96,96,0.04,0.005,0.99,400,False,5,0,296,148,5,0,0,301,368,296,1.0168918918918919,0.0036924977012629933
cycle-96,96,0.04,0.01,0.5,200,False,4,0,206,103,4,0,0,210,198,206,1.0606060606060606,0.006176131187813972
cycle-96,96,0.04,0.01,0.75,200,False,4,0,206,103,4,0,0,210,198,206,1.0606060606060606,0.006176131187813972
cycle-96,96,0.04,0.01,0.9,200,False,4,0,206,103,4,0,0,210,198,206,1.0606060606060606,0.006176131187813972
cycle-96,96,0.04,0.01,0.99,200,False,4,0,206,103,4,0,0,210,198,206,1.0606060606060606,0.006176131187813972
cycle-96,96,0.04,0.02,0.5,100,False,4,0,96,48,4,0,0,100,164,96,1.0416666666666667,0.013894915212507675
cycle-96,96,0.04,0.02,0.75,100,False,4,0,96,48,4,0,0,100,164,96,1.0416666666666667,0.013894915212507675
cycle-96,96,0.04,0.02,0.9,100,False,4,0,96,48,4,0,0,100,164,96,1.0416666666666667,0.013894915212507675
cycle-96,96,0.04,0.02,0.99,100,False,4,0,96,48,4,0,0,100,164,96,1.0416666666666667,0.013894915212507675
cycle-96,96,0.16,0.005,0.5,400,False,4,0,60,30,4,0,0,64,70,60,1.0666666666666667,0.0034445111960837607
cycle-96,96,0.16,0.005,0.75,400,False,4,0,60,30,4,0,0,64,70,60,1.0666666666666667,0.0034445111960837607
cycle-96,96,0.16,0.005,0.9,400,False,4,0,60,30,4,0,0,64,70,60,1.0666666666666667,0.0034445111960837607
cycle-96,96,0.16,0.005,0.99,400,False,4,0,60,30,4,0,0,64,70,60,1.0666666666666667,0.0034445111960837607
cycle-96,96,0.16,0.01,0.5,200,False,4,0,54,27,4,0,0,58,54,54,1.0740740740740742,0.004175060004500354
cycle-96,96,0.16,0.01,0.75,200,False,4,0,54,27,4,0,0,58,54,54,1.0740740740740742,0.004175060004500354
cycle-96,96,0.16,0.01,0.9,200,False,4,0,54,27,4,0,0,58,54,54,1.0740740740740742,0.004175060004500354
cycle-96,96,0.16,0.01,0.99,200,False,4,0,54,27,4,0,0,58,54,54,1.0740740740740742,0.004175060004500354
cycle-96,96,0.16,0.02,0.5,100,False,3,0,36,18,3,0,0,39,32,36,1.21875,0.008408696808164168
cycle-96,96,0.16,0.02,0.75,100,False,3,0,36,18,3,0,0,39,32,36,1.21875,0.008408696808164168
cycle-96,96,0.16,0.02,0.9,100,False,3,0,36,18,3,0,0,39,32,36,1.21875,0.008408696808164168
cycle-96,96,0.16,0.02,0.99,100,False,3,0,36,18,3,0,0,39,32,36,1.21875,0.008408696808164168
star-96,96,0.01,0.005,0.5,400,True,2,190,190,96,2,2,380,572,3610,3610,0.15844875346260387,1.691355389077387e-16
star-96,96,0.01,0.005,0.75,400,True,2,190,190,96,2,2,380,572,3610,3610,0.15844875346260387,1.691355389077387e-16
star-96,96,0.01,0.005,0.9,400,True,2,190,190,96,2,2,380,572,3610,3610,0.15844875346260387,1.691355389077387e-16
star-96,96,0.01,0.005,0.99,400,True,2,190,190,96,2,2,380,572,3610,3610,0.15844875346260387,1.691355389077387e-16
star-96,96,0.01,0.01,0.5,200,True,2,190,190,96,2,2,380,572,285,285,2.007017543859649,1.691355389077387e-16
star-96,96,0.01,0.01,0.75,200,True,2,190,190,96,2,2,380,572,285,285,2.007017543859649,1.691355389077387e-16
star-96,96,0.01,0.01,0.9,200,True,2,190,190,96,2,2,380,572,285,285,2.007017543859649,1.691355389077387e-16
star-96,96,0.01,0.01,0.99,200,True,2,190,190,96,2,2,380,572,285,285,2.007017543859649,1.691355389077387e-16
star-96,96,0.01,0.02,0.5,100,False,0,0,0,0,0,0,0,0,0,0,0.0,0.005315789473684197
star-96,96,0.01,0.02,0.75,100,False,0,0,0,0,0,0,0,0,0,0,0.0,0.005315789473684197
star-96,96,0.01,0.02,0.9,100,False,0,0,0,0,0,0,0,0,0,0,0.0,0.005315789473684197
star-96,96,0.01,0.02,0.99,100,False,0,0,0,0,0,0,0,0,0,0,0.0,0.005315789473684197
star-96,96,0.04,0.005,0.5,400,True,2,190,190,96,2,2,380,572,950,950,0.6021052631578947,4.2500725161431774e-17
star-96,96,0.04,0.005,0.75,400,True,2,190,190,96,2,2,380,572,950,950,0.6021052631578947,4.2500725161431774e-17
star-96,96,0.04,0.005,0.9,400,True,2,190,190,96,2,2,380,572,950,950,0.6021052631578947,4.2500725161431774e-17
star-96,96,0.04,0.005,0.99,400,True,2,190,190,96,2,2,380,572,950,950,0.6021052631578947,4.2500725161431774e-17
star-96,96,0.04,0.01,0.5,200,False,1,0,95,1,1,0,0,96,95,95,1.0105263157894737,0.005052631578947379
star-96,96,0.04,0.01,0.75,200,False,1,0,95,1,1,0,0,96,95,95,1.0105263157894737,0.005052631578947379
star-96,96,0.04,0.01,0.9,200,False,1,0,95,1,1,0,0,96,95,95,1.0105263157894737,0.005052631578947379
star-96,96,0.04,0.01,0.99,200,True,1,95,95,1,1,0,0,96,95,95,1.0105263157894737,0.005052631578947379
star-96,96,0.04,0.02,0.5,100,False,0,0,0,0,0,0,0,0,0,0,0.0,0.005473684210526324
star-96,96,0.04,0.02,0.75,100,False,0,0,0,0,0,0,0,0,0,0,0.0,0.005473684210526324
star-96,96,0.04,0.02,0.9,100,False,0,0,0,0,0,0,0,0,0,0,0.0,0.005473684210526324
star-96,96,0.04,0.02,0.99,100,False,0,0,0,0,0,0,0,0,0,0,0.0,0.005473684210526324
star-96,96,0.16,0.005,0.5,400,True,2,190,190,96,2,2,380,572,285,285,2.007017543859649,2.949029909160572e-17
star-96,96,0.16,0.005,0.75,400,True,2,190,190,96,2,2,380,572,285,285,2.007017543859649,2.949029909160572e-17
star-96,96,0.16,0.005,0.9,400,True,2,190,190,96,2,2,380,572,285,285,2.007017543859649,2.949029909160572e-17
star-96,96,0.16,0.005,0.99,400,True,2,190,190,96,2,2,380,572,285,285,2.007017543859649,2.949029909160572e-17
star-96,96,0.16,0.01,0.5,200,False,1,0,95,1,1,0,0,96,95,95,1.0105263157894737,0.004421052631578968
star-96,96,0.16,0.01,0.75,200,False,1,0,95,1,1,0,0,96,95,95,1.0105263157894737,0.004421052631578968
star-96,96,0.16,0.01,0.9,200,True,1,95,95,1,1,0,0,96,95,95,1.0105263157894737,0.004421052631578968
star-96,96,0.16,0.01,0.99,200,True,1,95,95,1,1,0,0,96,95,95,1.0105263157894737,0.004421052631578968
star-96,96,0.16,0.02,0.5,100,False,0,0,0,0,0,0,0,0,0,0,0.0,0.006105263157894725
star-96,96,0.16,0.02,0.75,100,False,0,0,0,0,0,0,0,0,0,0,0.0,0.006105263157894725
star-96,96,0.16,0.02,0.9,100,False,0,0,0,0,0,0,0,0,0,0,0.0,0.006105263157894725
star-96,96,0.16,0.02,0.99,100,False,0,0,0,0,0,0,0,0,0,0,0.0,0.006105263157894725
binary-depth-7,255,0.01,0.005,0.5,400,False,6,0,400,137,6,0,0,406,582,400,1.015,0.00201245012485762
binary-depth-7,255,0.01,0.005,0.75,400,False,6,0,400,137,6,0,0,406,582,400,1.015,0.00201245012485762
binary-depth-7,255,0.01,0.005,0.9,400,False,6,0,400,137,6,0,0,406,582,400,1.015,0.00201245012485762
binary-depth-7,255,0.01,0.005,0.99,400,False,6,0,400,137,6,0,0,406,582,400,1.015,0.00201245012485762
binary-depth-7,255,0.01,0.01,0.5,200,False,5,0,226,78,5,0,0,231,274,226,1.0221238938053097,0.0024967969323842405
binary-depth-7,255,0.01,0.01,0.75,200,False,5,0,226,78,5,0,0,231,274,226,1.0221238938053097,0.0024967969323842405
binary-depth-7,255,0.01,0.01,0.9,200,False,5,0,226,78,5,0,0,231,274,226,1.0221238938053097,0.0024967969323842405
binary-depth-7,255,0.01,0.01,0.99,200,False,5,0,226,78,5,0,0,231,274,226,1.0221238938053097,0.0024967969323842405
binary-depth-7,255,0.01,0.02,0.5,100,False,4,0,102,36,4,0,0,106,94,102,1.127659574468085,0.003114432574457459
binary-depth-7,255,0.01,0.02,0.75,100,False,4,0,102,36,4,0,0,106,94,102,1.127659574468085,0.003114432574457459
binary-depth-7,255,0.01,0.02,0.9,100,False,4,0,102,36,4,0,0,106,94,102,1.127659574468085,0.003114432574457459
binary-depth-7,255,0.01,0.02,0.99,100,False,4,0,102,36,4,0,0,106,94,102,1.127659574468085,0.003114432574457459
binary-depth-7,255,0.04,0.005,0.5,400,False,5,0,252,87,5,0,0,257,210,252,1.223809523809524,0.001844209551627928
binary-depth-7,255,0.04,0.005,0.75,400,False,5,0,252,87,5,0,0,257,210,252,1.223809523809524,0.001844209551627928
binary-depth-7,255,0.04,0.005,0.9,400,False,5,0,252,87,5,0,0,257,210,252,1.223809523809524,0.001844209551627928
binary-depth-7,255,0.04,0.005,0.99,400,False,5,0,252,87,5,0,0,257,210,252,1.223809523809524,0.001844209551627928
binary-depth-7,255,0.04,0.01,0.5,200,False,4,0,114,40,4,0,0,118,138,114,1.0350877192982457,0.0035165607593814437
binary-depth-7,255,0.04,0.01,0.75,200,False,4,0,114,40,4,0,0,118,138,114,1.0350877192982457,0.0035165607593814437
binary-depth-7,255,0.04,0.01,0.9,200,False,4,0,114,40,4,0,0,118,138,114,1.0350877192982457,0.0035165607593814437
binary-depth-7,255,0.04,0.01,0.99,200,False,4,0,114,40,4,0,0,118,138,114,1.0350877192982457,0.0035165607593814437
binary-depth-7,255,0.04,0.02,0.5,100,False,4,0,88,31,4,0,0,92,94,88,1.0454545454545454,0.0046361022684315405
binary-depth-7,255,0.04,0.02,0.75,100,False,4,0,88,31,4,0,0,92,94,88,1.0454545454545454,0.0046361022684315405
binary-depth-7,255,0.04,0.02,0.9,100,False,4,0,88,31,4,0,0,92,94,88,1.0454545454545454,0.0046361022684315405
binary-depth-7,255,0.04,0.02,0.99,100,False,4,0,88,31,4,0,0,92,94,88,1.0454545454545454,0.0046361022684315405
binary-depth-7,255,0.16,0.005,0.5,400,False,4,0,92,32,4,0,0,96,74,92,1.2972972972972974,0.0017358608226687906
binary-depth-7,255,0.16,0.005,0.75,400,False,4,0,92,32,4,0,0,96,74,92,1.2972972972972974,0.0017358608226687906
binary-depth-7,255,0.16,0.005,0.9,400,False,4,0,92,32,4,0,0,96,74,92,1.2972972972972974,0.0017358608226687906
binary-depth-7,255,0.16,0.005,0.99,400,False,4,0,92,32,4,0,0,96,74,92,1.2972972972972974,0.0017358608226687906
binary-depth-7,255,0.16,0.01,0.5,200,False,3,0,30,11,3,0,0,33,30,30,1.1,0.005415699882154988
binary-depth-7,255,0.16,0.01,0.75,200,False,3,0,30,11,3,0,0,33,30,30,1.1,0.005415699882154988
binary-depth-7,255,0.16,0.01,0.9,200,False,3,0,30,11,3,0,0,33,30,30,1.1,0.005415699882154988
binary-depth-7,255,0.16,0.01,0.99,200,False,3,0,30,11,3,0,0,33,30,30,1.1,0.005415699882154988
binary-depth-7,255,0.16,0.02,0.5,100,False,3,0,30,11,3,0,0,33,30,30,1.1,0.005415699882154988
binary-depth-7,255,0.16,0.02,0.75,100,False,3,0,30,11,3,0,0,33,30,30,1.1,0.005415699882154988
binary-depth-7,255,0.16,0.02,0.9,100,False,3,0,30,11,3,0,0,33,30,30,1.1,0.005415699882154988
binary-depth-7,255,0.16,0.02,0.99,100,False,3,0,30,11,3,0,0,33,30,30,1.1,0.005415699882154988
broom-48-47,96,0.01,0.005,0.5,400,False,5,0,1162,613,5,0,0,1167,1303,1162,1.004302925989673,0.0037395574880774
broom-48-47,96,0.01,0.005,0.75,400,False,5,0,1162,613,5,0,0,1167,1303,1162,1.004302925989673,0.0037395574880774
broom-48-47,96,0.01,0.005,0.9,400,False,5,0,1162,613,5,0,0,1167,1303,1162,1.004302925989673,0.0037395574880774
broom-48-47,96,0.01,0.005,0.99,400,False,5,0,1162,613,5,0,0,1167,1303,1162,1.004302925989673,0.0037395574880774
broom-48-47,96,0.01,0.01,0.5,200,False,5,0,745,397,5,0,0,750,966,745,1.0067114093959733,0.0068883340209588174
broom-48-47,96,0.01,0.01,0.75,200,False,5,0,745,397,5,0,0,750,966,745,1.0067114093959733,0.0068883340209588174
broom-48-47,96,0.01,0.01,0.9,200,False,5,0,745,397,5,0,0,750,966,745,1.0067114093959733,0.0068883340209588174
broom-48-47,96,0.01,0.01,0.99,200,False,5,0,745,397,5,0,0,750,966,745,1.0067114093959733,0.0068883340209588174
broom-48-47,96,0.01,0.02,0.5,100,False,4,0,417,226,4,0,0,421,482,417,1.0095923261390887,0.012690823691033443
broom-48-47,96,0.01,0.02,0.75,100,False,4,0,417,226,4,0,0,421,482,417,1.0095923261390887,0.012690823691033443
broom-48-47,96,0.01,0.02,0.9,100,False,4,0,417,226,4,0,0,421,482,417,1.0095923261390887,0.012690823691033443
broom-48-47,96,0.01,0.02,0.99,100,False,4,0,417,226,4,0,0,421,482,417,1.0095923261390887,0.012690823691033443
broom-48-47,96,0.04,0.005,0.5,400,False,4,0,252,137,4,0,0,256,299,252,1.0158730158730158,0.0029928118686986136
broom-48-47,96,0.04,0.005,0.75,400,False,4,0,252,137,4,0,0,256,299,252,1.0158730158730158,0.0029928118686986136
broom-48-47,96,0.04,0.005,0.9,400,False,4,0,252,137,4,0,0,256,299,252,1.0158730158730158,0.0029928118686986136
broom-48-47,96,0.04,0.005,0.99,400,False,4,0,252,137,4,0,0,256,299,252,1.0158730158730158,0.0029928118686986136
broom-48-47,96,0.04,0.01,0.5,200,False,4,0,148,82,4,0,0,152,184,148,1.027027027027027,0.00738499540252593
broom-48-47,96,0.04,0.01,0.75,200,False,4,0,148,82,4,0,0,152,184,148,1.027027027027027,0.00738499540252593
broom-48-47,96,0.04,0.01,0.9,200,False,4,0,148,82,4,0,0,152,184,148,1.027027027027027,0.00738499540252593
broom-48-47,96,0.04,0.01,0.99,200,False,4,0,148,82,4,0,0,152,184,148,1.027027027027027,0.00738499540252593
broom-48-47,96,0.04,0.02,0.5,100,False,4,0,103,58,4,0,0,107,99,103,1.0808080808080809,0.012352262375627891
broom-48-47,96,0.04,0.02,0.75,100,False,4,0,103,58,4,0,0,107,99,103,1.0808080808080809,0.012352262375627891
broom-48-47,96,0.04,0.02,0.9,100,False,4,0,103,58,4,0,0,107,99,103,1.0808080808080809,0.012352262375627891
broom-48-47,96,0.04,0.02,0.99,100,False,4,0,103,58,4,0,0,107,99,103,1.0808080808080809,0.012352262375627891
broom-48-47,96,0.16,0.005,0.5,400,False,3,0,45,26,3,0,0,48,48,45,1.0666666666666667,0.0027761877275238223
broom-48-47,96,0.16,0.005,0.75,400,False,3,0,45,26,3,0,0,48,48,45,1.0666666666666667,0.0027761877275238223
broom-48-47,96,0.16,0.005,0.9,400,False,3,0,45,26,3,0,0,48,48,45,1.0666666666666667,0.0027761877275238223
broom-48-47,96,0.16,0.005,0.99,400,False,3,0,45,26,3,0,0,48,48,45,1.0666666666666667,0.0027761877275238223
broom-48-47,96,0.16,0.01,0.5,200,False,3,0,30,18,3,0,0,33,35,30,1.1,0.0068890223921675145
broom-48-47,96,0.16,0.01,0.75,200,False,3,0,30,18,3,0,0,33,35,30,1.1,0.0068890223921675145
broom-48-47,96,0.16,0.01,0.9,200,False,3,0,30,18,3,0,0,33,35,30,1.1,0.0068890223921675145
broom-48-47,96,0.16,0.01,0.99,200,False,3,0,30,18,3,0,0,33,35,30,1.1,0.0068890223921675145
broom-48-47,96,0.16,0.02,0.5,100,False,3,0,27,16,3,0,0,30,27,27,1.1111111111111112,0.00835012000900057
broom-48-47,96,0.16,0.02,0.75,100,False,3,0,27,16,3,0,0,30,27,27,1.1111111111111112,0.00835012000900057
broom-48-47,96,0.16,0.02,0.9,100,False,3,0,27,16,3,0,0,30,27,27,1.1111111111111112,0.00835012000900057
broom-48-47,96,0.16,0.02,0.99,100,False,3,0,27,16,3,0,0,30,27,27,1.1111111111111112,0.00835012000900057
grid-12x12,144,0.01,0.005,0.5,400,False,6,0,1259,361,6,0,0,1265,1590,1259,1.004765687053217,0.0023517597129978276
grid-12x12,144,0.01,0.005,0.75,400,False,6,0,1259,361,6,0,0,1265,1590,1259,1.004765687053217,0.0023517597129978276
grid-12x12,144,0.01,0.005,0.9,400,False,6,0,1259,361,6,0,0,1265,1590,1259,1.004765687053217,0.0023517597129978276
grid-12x12,144,0.01,0.005,0.99,400,False,6,0,1259,361,6,0,0,1265,1590,1259,1.004765687053217,0.0023517597129978276
grid-12x12,144,0.01,0.01,0.5,200,False,5,0,454,136,5,0,0,459,400,454,1.1475,0.003940099765467234
grid-12x12,144,0.01,0.01,0.75,200,False,5,0,454,136,5,0,0,459,400,454,1.1475,0.003940099765467234
grid-12x12,144,0.01,0.01,0.9,200,False,5,0,454,136,5,0,0,459,400,454,1.1475,0.003940099765467234
grid-12x12,144,0.01,0.01,0.99,200,False,5,0,454,136,5,0,0,459,400,454,1.1475,0.003940099765467234
grid-12x12,144,0.01,0.02,0.5,100,False,4,0,156,50,4,0,0,160,130,156,1.2307692307692308,0.0059091035485702515
grid-12x12,144,0.01,0.02,0.75,100,False,4,0,156,50,4,0,0,160,130,156,1.2307692307692308,0.0059091035485702515
grid-12x12,144,0.01,0.02,0.9,100,False,4,0,156,50,4,0,0,160,130,156,1.2307692307692308,0.0059091035485702515
grid-12x12,144,0.01,0.02,0.99,100,False,4,0,156,50,4,0,0,160,130,156,1.2307692307692308,0.0059091035485702515
grid-12x12,144,0.04,0.005,0.5,400,False,5,0,403,120,5,0,0,408,364,403,1.120879120879121,0.0026541285212904452
grid-12x12,144,0.04,0.005,0.75,400,False,5,0,403,120,5,0,0,408,364,403,1.120879120879121,0.0026541285212904452
grid-12x12,144,0.04,0.005,0.9,400,False,5,0,403,120,5,0,0,408,364,403,1.120879120879121,0.0026541285212904452
grid-12x12,144,0.04,0.005,0.99,400,False,5,0,403,120,5,0,0,408,364,403,1.120879120879121,0.0026541285212904452
grid-12x12,144,0.04,0.01,0.5,200,False,5,0,232,71,5,0,0,237,228,232,1.0394736842105263,0.004039471867267645
grid-12x12,144,0.04,0.01,0.75,200,False,5,0,232,71,5,0,0,237,228,232,1.0394736842105263,0.004039471867267645
grid-12x12,144,0.04,0.01,0.9,200,False,5,0,232,71,5,0,0,237,228,232,1.0394736842105263,0.004039471867267645
grid-12x12,144,0.04,0.01,0.99,200,False,5,0,232,71,5,0,0,237,228,232,1.0394736842105263,0.004039471867267645
grid-12x12,144,0.04,0.02,0.5,100,False,4,0,80,27,4,0,0,84,94,80,1.05,0.008364488937377174
grid-12x12,144,0.04,0.02,0.75,100,False,4,0,80,27,4,0,0,84,94,80,1.05,0.008364488937377174
grid-12x12,144,0.04,0.02,0.9,100,False,4,0,80,27,4,0,0,84,94,80,1.05,0.008364488937377174
grid-12x12,144,0.04,0.02,0.99,100,False,4,0,80,27,4,0,0,84,94,80,1.05,0.008364488937377174
grid-12x12,144,0.16,0.005,0.5,400,False,4,0,96,30,4,0,0,100,76,96,1.3157894736842106,0.00236839097204365
grid-12x12,144,0.16,0.005,0.75,400,False,4,0,96,30,4,0,0,100,76,96,1.3157894736842106,0.00236839097204365
grid-12x12,144,0.16,0.005,0.9,400,False,4,0,96,30,4,0,0,100,76,96,1.3157894736842106,0.00236839097204365
grid-12x12,144,0.16,0.005,0.99,400,False,4,0,96,30,4,0,0,100,76,96,1.3157894736842106,0.00236839097204365
grid-12x12,144,0.16,0.01,0.5,200,False,4,0,48,16,4,0,0,52,60,48,1.0833333333333333,0.005157616124861911
grid-12x12,144,0.16,0.01,0.75,200,False,4,0,48,16,4,0,0,52,60,48,1.0833333333333333,0.005157616124861911
grid-12x12,144,0.16,0.01,0.9,200,False,4,0,48,16,4,0,0,52,60,48,1.0833333333333333,0.005157616124861911
grid-12x12,144,0.16,0.01,0.99,200,False,4,0,48,16,4,0,0,52,60,48,1.0833333333333333,0.005157616124861911
grid-12x12,144,0.16,0.02,0.5,100,False,3,0,28,10,3,0,0,31,28,28,1.1071428571428572,0.00920469097377166
grid-12x12,144,0.16,0.02,0.75,100,False,3,0,28,10,3,0,0,31,28,28,1.1071428571428572,0.00920469097377166
grid-12x12,144,0.16,0.02,0.9,100,False,3,0,28,10,3,0,0,31,28,28,1.1071428571428572,0.00920469097377166
grid-12x12,144,0.16,0.02,0.99,100,False,3,0,28,10,3,0,0,31,28,28,1.1071428571428572,0.00920469097377166
