family,vertices,alpha,epsilon,rho,certified,checkpoint_factor,candidate_kind,support_nodes,support_volume,appr_work,raced_appr_work,verifier_work,raw_sequential_work,stage2_work,strict_two_stage_work,strict_raced_total,strict_ratio,reused_stage2_work,reused_two_stage_work,reused_raced_total,reused_ratio,semantic_error,total_work,direct_work,ratio,attempts,minimum_active,maximum_boundary_key
path-1024,1024,0.01,0.0001,0.0001,False,0.0,direct-fallback,0,0,5078,6312,952,6030,0,6030,12624,2.0,0,6030,12624,2.0,nan,7264,6312,1.1508238276299112,8,1.1263654870986991e-05,2.5282692697972357e-06
path-1024,1024,0.01,0.0005,0.0005,False,0.0,direct-fallback,0,0,2658,3399,688,3346,0,3346,6798,2.0,0,3346,6798,2.0,nan,4087,3399,1.2024124742571345,8,5.572063848522825e-05,1.2432153139539766e-05
path-1024,1024,0.01,0.001,0.001,False,0.0,direct-fallback,0,0,1789,2658,576,2365,0,2365,5316,2.0,0,2365,5316,2.0,nan,3234,2658,1.216704288939052,8,0.00014539234371807895,3.6747783398661214e-05
path-1024,1024,0.01,0.002,0.002,False,0.0,direct-fallback,0,0,1306,1789,472,1778,0,1778,3578,2.0,0,1778,3578,2.0,nan,2261,1789,1.2638345444382337,8,0.00023381778231861827,5.355613027089255e-05
path-1024,1024,0.01,0.005,0.005,False,0.0,direct-fallback,0,0,745,1162,336,1081,0,1081,2324,2.0,0,1081,2324,2.0,nan,1498,1162,1.2891566265060241,8,0.0004247841446115761,7.797136022871692e-05
path-1024,1024,0.04,0.0001,0.0001,False,0.0,direct-fallback,0,0,827,985,455,1282,0,1282,1970,2.0,0,1282,1970,2.0,nan,1440,985,1.4619289340101522,7,1.6788111559386097e-05,4.122224364711213e-08
path-1024,1024,0.04,0.0005,0.0005,False,0.0,direct-fallback,0,0,507,631,343,850,0,850,1262,2.0,0,850,1262,2.0,nan,974,631,1.543581616481775,7,8.70735162777836e-05,1.2694626671087265e-06
path-1024,1024,0.04,0.001,0.001,False,0.0,direct-fallback,0,0,344,507,287,631,0,631,1014,2.0,0,631,1014,2.0,nan,794,507,1.5660749506903353,7,0.00023758430955862677,2.40702486536657e-05
path-1024,1024,0.04,0.002,0.002,True,2.0,appr-plus-boundary,13,25,275,275,259,534,49,583,688,2.0,25,559,688,2.0,0.0010276462172345224,534,344,1.552325581395349,7,0.00018972657198218078,-4.8741748612056256e-05
path-1024,1024,0.04,0.005,0.005,False,0.0,direct-fallback,0,0,148,252,175,323,0,323,504,2.0,0,323,504,2.0,nan,427,252,1.6944444444444444,7,0.0012239720560641072,0.0001325871816018597
path-1024,1024,0.16,0.0001,0.0001,True,2.0,appr-plus-boundary,11,21,127,140,140,267,41,308,296,2.0,21,288,296,2.0,3.583565551361181e-05,280,148,1.8918918918918919,4,1.1115533878250307e-05,-1.9326269437531762e-05
path-1024,1024,0.16,0.0005,0.0005,False,0.0,direct-fallback,0,0,81,98,98,189,0,189,196,2.0,0,189,196,2.0,nan,196,98,2.0,4,8.591487118087622e-05,-8.762166760275398e-05
path-1024,1024,0.16,0.001,0.001,False,0.0,direct-fallback,0,0,60,81,81,152,0,152,162,2.0,0,152,162,2.0,nan,162,81,2.0,4,0.0002957071515270398,-0.0001384536240818123
path-1024,1024,0.16,0.002,0.002,False,0.0,direct-fallback,0,0,51,60,60,156,0,156,120,2.0,0,156,120,2.0,nan,120,60,2.0,5,-0.00027571895266061694,-0.000534432688813074
path-1024,1024,0.16,0.005,0.005,False,0.0,direct-fallback,0,0,30,45,45,90,0,90,90,2.0,0,90,90,2.0,nan,90,45,2.0,4,0.0018641064969693254,-0.0005777594626368345
cycle-1024,1024,0.01,0.0001,0.0001,False,0.0,direct-fallback,0,0,7788,10156,1680,9468,0,9468,20312,2.0,0,9468,20312,2.0,nan,11836,10156,1.1654194564789286,8,8.698807069129411e-06,1.6305267392229473e-06
cycle-1024,1024,0.01,0.0005,0.0005,False,0.0,direct-fallback,0,0,3578,5316,1152,4730,0,4730,10632,2.0,0,4730,10632,2.0,nan,6468,5316,1.216704288939052,8,7.269617115171507e-05,1.8373892699406894e-05
cycle-1024,1024,0.01,0.001,0.001,False,0.0,direct-fallback,0,0,2612,3578,944,3556,0,3556,7156,2.0,0,3556,7156,2.0,nan,4522,3578,1.2638345444382337,8,0.00011690889045213424,2.677806613547022e-05
cycle-1024,1024,0.01,0.002,0.002,False,0.0,direct-fallback,0,0,1730,2612,736,2466,0,2466,5224,2.0,0,2466,5224,2.0,nan,3348,2612,1.2817764165390506,8,0.00018192544679427957,3.539288621180421e-05
cycle-1024,1024,0.01,0.005,0.005,False,0.0,direct-fallback,0,0,834,1490,480,1314,0,1314,2980,2.0,0,1314,2980,2.0,nan,1970,1490,1.3221476510067114,8,0.0005812321512078018,0.00013273095618008103
cycle-1024,1024,0.04,0.0001,0.0001,False,0.0,direct-fallback,0,0,1276,1654,798,2074,0,2074,3308,2.0,0,2074,3308,2.0,nan,2452,1654,1.482466747279323,7,2.305330130617047e-05,2.167698158132605e-06
cycle-1024,1024,0.04,0.0005,0.0005,False,0.0,direct-fallback,0,0,688,1014,574,1262,0,1262,2028,2.0,0,1262,2028,2.0,nan,1588,1014,1.5660749506903353,7,0.00011879215407207245,1.203512532687845e-05
cycle-1024,1024,0.04,0.001,0.001,True,2.0,appr-plus-boundary,25,50,550,550,518,1068,98,1166,1376,2.0,49,1117,1376,2.0,0.0005138231086172613,1068,688,1.552325581395349,7,9.486328528400722e-05,-2.437087330603608e-05
cycle-1024,1024,0.04,0.002,0.002,True,2.0,appr-plus-boundary,21,42,334,406,406,740,82,822,1100,2.0,41,781,1100,2.0,0.0011561019943888383,812,550,1.4763636363636363,7,0.000296845642206145,-1.2384330556266728e-05
cycle-1024,1024,0.04,0.005,0.005,True,2.0,appr-plus-boundary,17,34,206,294,294,500,66,566,592,2.0,33,533,592,2.0,0.002601229487374887,588,296,1.9864864864864864,7,0.000502376242506771,-0.00011233055905840495
cycle-1024,1024,0.16,0.0001,0.0001,True,2.0,appr-plus-boundary,19,38,204,248,248,452,74,526,508,2.0,37,489,508,2.0,4.1808264765880454e-05,496,254,1.952755905511811,4,2.2491936316661576e-05,-1.594765028747223e-05
cycle-1024,1024,0.16,0.0005,0.0005,False,0.0,direct-fallback,0,0,120,162,162,304,0,304,324,2.0,0,304,324,2.0,nan,324,162,2.0,4,0.00014785357505638544,-6.922681104089791e-05
cycle-1024,1024,0.16,0.001,0.001,False,0.0,direct-fallback,0,0,102,120,120,312,0,312,240,2.0,0,312,240,2.0,nan,240,120,2.0,5,-0.00013785947703739732,-0.0002672163434065423
cycle-1024,1024,0.16,0.002,0.002,False,0.0,direct-fallback,0,0,80,102,102,250,0,250,204,2.0,0,250,204,2.0,nan,204,102,2.0,5,-0.00013118063622425058,-0.0004915069988618459
cycle-1024,1024,0.16,0.005,0.005,False,0.0,direct-fallback,0,0,54,60,60,184,0,184,120,2.0,0,184,120,2.0,nan,120,60,2.0,5,-0.0004963353528365214,-0.0012787749268464322
star-1024,1024,0.01,0.0001,0.0001,True,8.0,appr,1024,2046,11253,11253,4092,15345,4092,19437,38874,0.3333333333333333,2047,17392,34784,0.2982627634580096,1.0847319561342647e-19,15345,116622,0.13157894736842105,2,0.0003838709657198908,-9.999980000000001e-07
star-1024,1024,0.01,0.0005,0.0005,False,0.0,direct-fallback,0,0,0,34782,0,0,0,0,69564,2.0,0,0,69564,2.0,nan,34782,34782,1.0,1,inf,0.00015273084582316643
star-1024,1024,0.01,0.001,0.001,True,16.0,appr,0,0,0,0,0,0,0,0,0,0.0,0,0,0,0.0,0.0004936461388071346,0,0,0.0,1,inf,-7.191010094028341e-06
star-1024,1024,0.01,0.002,0.002,True,16.0,appr,0,0,0,0,0,0,0,0,0,0.0,0,0,0,0.0,0.0004936461388071346,0,0,0.0,1,inf,-1.9999998000000003e-05
star-1024,1024,0.01,0.005,0.005,True,16.0,appr,0,0,0,0,0,0,0,0,0,0.0,0,0,0,0.0,0.0004936461388071346,0,0,0.0,1,inf,-4.9999998000000004e-05
star-1024,1024,0.04,0.0001,0.0001,True,8.0,appr,1024,2046,3069,4092,4092,7161,4092,11253,22506,0.7586206896551724,2047,9208,18416,0.6207570701452793,5.421010862427522e-20,8184,29667,0.27586206896551724,2,0.0003692082091416864,-3.999998000000001e-06
star-1024,1024,0.04,0.0005,0.0005,False,0.0,direct-fallback,0,0,0,9207,0,0,0,0,18414,2.0,0,0,18414,2.0,nan,9207,9207,1.0,1,inf,0.0006109233772926657
star-1024,1024,0.04,0.001,0.001,True,16.0,appr,0,0,0,0,0,0,0,0,0,0.0,0,0,0,0.0,0.0005083088954056028,0,0,0.0,1,inf,-2.8764046376113363e-05
star-1024,1024,0.04,0.002,0.002,True,16.0,appr,0,0,0,0,0,0,0,0,0,0.0,0,0,0,0.0,0.0005083088954056028,0,0,0.0,1,inf,-7.9999998e-05
star-1024,1024,0.04,0.005,0.005,True,16.0,appr,0,0,0,0,0,0,0,0,0,0.0,0,0,0,0.0,0.0005083088954056028,0,0,0.0,1,inf,-0.00019999999800000002
star-1024,1024,0.16,0.0001,0.0001,True,8.0,appr-plus-boundary,1024,2046,1023,5115,5115,6138,4092,10230,16368,2.0,2047,8185,16368,2.0,1.0847319561342647e-19,10230,8184,1.25,3,0.0003105571827493043,-1.5999998000000004e-05
star-1024,1024,0.16,0.0005,0.0005,False,0.0,direct-fallback,0,0,0,3069,0,0,0,0,6138,2.0,0,0,6138,2.0,nan,3069,3069,1.0,1,inf,0.002443693503170663
star-1024,1024,0.16,0.001,0.001,True,16.0,appr,0,0,0,0,0,0,0,0,0,0.0,0,0,0,0.0,0.0005669599217986533,0,0,0.0,1,inf,-0.00011505619150445344
star-1024,1024,0.16,0.002,0.002,True,16.0,appr,0,0,0,0,0,0,0,0,0,0.0,0,0,0,0.0,0.0005669599217986533,0,0,0.0,1,inf,-0.00031999999800000003
star-1024,1024,0.16,0.005,0.005,True,16.0,appr,0,0,0,0,0,0,0,0,0,0.0,0,0,0,0.0,0.0005669599217986533,0,0,0.0,1,inf,-0.000799999998
binary-depth-10,2047,0.01,0.0001,0.0001,True,2.0,appr,2047,4092,58354,58354,17752,76106,8184,84290,168580,1.3058094500387296,4093,80199,160398,1.2424322230828815,2.4532694666933983e-18,76106,129100,0.5895120061967467,5,6.166627247801571e-05,-9.999980000000001e-07
binary-depth-10,2047,0.01,0.0005,0.0005,True,4.0,appr-plus-boundary,255,764,1278,2368,2368,3646,1272,4918,8352,2.0,509,4155,8310,1.9899425287356323,0.0001814601250417409,4736,4176,1.1340996168582376,4,2.677895292546631e-05,-1.007138046125943e-06
binary-depth-10,2047,0.01,0.001,0.001,True,4.0,appr-plus-boundary,127,380,598,1168,1168,1766,632,2398,4796,1.891167192429022,253,2019,4038,1.5922712933753944,0.0002255134388188047,2336,2536,0.9211356466876972,4,5.989562192191205e-05,-2.0303279286285709e-07
binary-depth-10,2047,0.01,0.002,0.002,True,2.0,appr-plus-boundary,127,380,598,1200,1200,1798,632,2430,2556,2.0,253,2051,2556,2.0,0.0002255134388188047,2400,1278,1.8779342723004695,5,5.823043110424661e-06,-3.297685574518724e-05
binary-depth-10,2047,0.01,0.005,0.005,True,4.0,appr-plus-boundary,31,92,102,268,268,370,152,522,800,2.0,61,431,800,2.0,0.0005506713738429986,536,400,1.34,4,0.0002446136240278024,-1.66948059167939e-05
binary-depth-10,2047,0.04,0.0001,0.0001,True,4.0,appr-plus-boundary,511,1532,2462,4768,4768,7230,2552,9782,13556,2.0,1021,8251,13556,2.0,5.908775279850249e-05,9536,6778,1.406904691649454,4,1.668750622750772e-05,-2.3036235282147615e-06
binary-depth-10,2047,0.04,0.0005,0.0005,True,4.0,appr-plus-boundary,127,380,576,1440,1440,2016,632,2648,4404,2.0,253,2269,4404,2.0,0.0001514123665461627,2880,2202,1.3079019073569482,5,0.00011369510973100667,-3.132900771144981e-06
binary-depth-10,2047,0.04,0.001,0.001,False,0.0,direct-fallback,0,0,576,1160,1160,2088,0,2088,2320,2.0,0,2088,2320,2.0,nan,2320,1160,2.0,6,2.6080864459738206e-05,-6.205428880678538e-05
binary-depth-10,2047,0.04,0.002,0.002,False,0.0,direct-fallback,0,0,258,576,576,1170,0,1170,1152,2.0,0,1170,1152,2.0,nan,1152,576,2.0,6,0.00013832983148901644,-0.00010022897487081392
binary-depth-10,2047,0.04,0.005,0.005,False,0.0,direct-fallback,0,0,114,252,252,382,0,382,504,2.0,0,382,504,2.0,nan,504,252,2.0,4,0.00031334066610967627,-0.0002595746465890118
binary-depth-10,2047,0.16,0.0001,0.0001,False,0.0,direct-fallback,0,0,502,924,924,1598,0,1598,1848,2.0,0,1598,1848,2.0,nan,1848,924,2.0,3,2.453963053829237e-05,-2.1762266476266406e-05
binary-depth-10,2047,0.16,0.0005,0.0005,False,0.0,direct-fallback,0,0,186,386,386,722,0,722,772,2.0,0,722,772,2.0,nan,772,386,2.0,3,2.5419366036333762e-05,-0.00013240019363952284
binary-depth-10,2047,0.16,0.001,0.001,False,0.0,direct-fallback,0,0,184,186,186,752,0,752,372,2.0,0,752,372,2.0,nan,372,186,2.0,4,-0.0001956304675224955,-0.00032456599422704604
binary-depth-10,2047,0.16,0.002,0.002,True,8.0,appr-plus-boundary,15,44,30,116,116,146,72,218,368,2.0,29,175,350,1.9021739130434783,0.0010464731615528833,232,184,1.2608695652173914,3,0.0022840470507167355,-4.0428072129285146e-07
binary-depth-10,2047,0.16,0.005,0.005,False,0.0,direct-fallback,0,0,30,92,92,146,0,146,184,2.0,0,146,184,2.0,nan,184,92,2.0,3,0.0009596882894292657,-0.0011529286010341937
broom-512-511,1024,0.01,0.0001,0.0001,False,0.0,direct-fallback,0,0,5078,6312,952,6030,0,6030,12624,2.0,0,6030,12624,2.0,nan,7264,6312,1.1508238276299112,8,1.1263654870986991e-05,2.5282692697972357e-06
broom-512-511,1024,0.01,0.0005,0.0005,False,0.0,direct-fallback,0,0,2658,3399,688,3346,0,3346,6798,2.0,0,3346,6798,2.0,nan,4087,3399,1.2024124742571345,8,5.572063848522825e-05,1.2432153139539766e-05
broom-512-511,1024,0.01,0.001,0.001,False,0.0,direct-fallback,0,0,1789,2658,576,2365,0,2365,5316,2.0,0,2365,5316,2.0,nan,3234,2658,1.216704288939052,8,0.00014539234371807895,3.6747783398661214e-05
broom-512-511,1024,0.01,0.002,0.002,False,0.0,direct-fallback,0,0,1306,1789,472,1778,0,1778,3578,2.0,0,1778,3578,2.0,nan,2261,1789,1.2638345444382337,8,0.00023381778231861827,5.355613027089255e-05
broom-512-511,1024,0.01,0.005,0.005,False,0.0,direct-fallback,0,0,745,1162,336,1081,0,1081,2324,2.0,0,1081,2324,2.0,nan,1498,1162,1.2891566265060241,8,0.0004247841446115761,7.797136022871692e-05
broom-512-511,1024,0.04,0.0001,0.0001,False,0.0,direct-fallback,0,0,827,985,455,1282,0,1282,1970,2.0,0,1282,1970,2.0,nan,1440,985,1.4619289340101522,7,1.6788111559386097e-05,4.122224364711213e-08
broom-512-511,1024,0.04,0.0005,0.0005,False,0.0,direct-fallback,0,0,507,631,343,850,0,850,1262,2.0,0,850,1262,2.0,nan,974,631,1.543581616481775,7,8.70735162777836e-05,1.2694626671087265e-06
broom-512-511,1024,0.04,0.001,0.001,False,0.0,direct-fallback,0,0,344,507,287,631,0,631,1014,2.0,0,631,1014,2.0,nan,794,507,1.5660749506903353,7,0.00023758430955862677,2.40702486536657e-05
broom-512-511,1024,0.04,0.002,0.002,True,2.0,appr-plus-boundary,13,25,275,275,259,534,49,583,688,2.0,25,559,688,2.0,0.0010276462172345224,534,344,1.552325581395349,7,0.00018972657198218078,-4.8741748612056256e-05
broom-512-511,1024,0.04,0.005,0.005,False,0.0,direct-fallback,0,0,148,252,175,323,0,323,504,2.0,0,323,504,2.0,nan,427,252,1.6944444444444444,7,0.0012239720560641072,0.0001325871816018597
broom-512-511,1024,0.16,0.0001,0.0001,True,2.0,appr-plus-boundary,11,21,127,140,140,267,41,308,296,2.0,21,288,296,2.0,3.583565551361181e-05,280,148,1.8918918918918919,4,1.1115533878250307e-05,-1.9326269437531762e-05
broom-512-511,1024,0.16,0.0005,0.0005,False,0.0,direct-fallback,0,0,81,98,98,189,0,189,196,2.0,0,189,196,2.0,nan,196,98,2.0,4,8.591487118087622e-05,-8.762166760275398e-05
broom-512-511,1024,0.16,0.001,0.001,False,0.0,direct-fallback,0,0,60,81,81,152,0,152,162,2.0,0,152,162,2.0,nan,162,81,2.0,4,0.0002957071515270398,-0.0001384536240818123
broom-512-511,1024,0.16,0.002,0.002,False,0.0,direct-fallback,0,0,51,60,60,156,0,156,120,2.0,0,156,120,2.0,nan,120,60,2.0,5,-0.00027571895266061694,-0.000534432688813074
broom-512-511,1024,0.16,0.005,0.005,False,0.0,direct-fallback,0,0,30,45,45,90,0,90,90,2.0,0,90,90,2.0,nan,90,45,2.0,4,0.0018641064969693254,-0.0005777594626368345
grid-32x32,1024,0.01,0.0001,0.0001,False,0.0,direct-fallback,0,0,24043,36317,5084,29127,0,29127,72634,2.0,0,29127,72634,2.0,nan,41401,36317,1.1399895365806647,8,-inf,inf
grid-32x32,1024,0.01,0.0005,0.0005,False,0.0,direct-fallback,0,0,7804,12845,2308,10112,0,10112,25690,2.0,0,10112,25690,2.0,nan,15153,12845,1.1796808096535616,8,-inf,inf
grid-32x32,1024,0.01,0.001,0.001,False,0.0,direct-fallback,0,0,3792,7804,1516,5308,0,5308,15608,2.0,0,5308,15608,2.0,nan,9320,7804,1.194259354177345,8,-inf,inf
grid-32x32,1024,0.01,0.002,0.002,False,0.0,direct-fallback,0,0,1745,3792,940,2685,0,2685,7584,2.0,0,2685,7584,2.0,nan,4732,3792,1.2478902953586497,8,-inf,inf
grid-32x32,1024,0.01,0.005,0.005,False,0.0,direct-fallback,0,0,454,1259,434,888,0,888,2518,2.0,0,888,2518,2.0,nan,1693,1259,1.3447180301826847,7,-inf,inf
grid-32x32,1024,0.04,0.0001,0.0001,False,0.0,direct-fallback,0,0,3520,4981,2002,5522,0,5522,9962,2.0,0,5522,9962,2.0,nan,6983,4981,1.401927323830556,7,-inf,inf
grid-32x32,1024,0.04,0.0005,0.0005,False,0.0,direct-fallback,0,0,1491,2127,1024,2515,0,2515,4254,2.0,0,2515,4254,2.0,nan,3151,2127,1.4814292430653502,7,-inf,inf
grid-32x32,1024,0.04,0.001,0.001,False,0.0,direct-fallback,0,0,880,1491,632,1512,0,1512,2982,2.0,0,1512,2982,2.0,nan,2123,1491,1.4238765928906774,6,-inf,inf
grid-32x32,1024,0.04,0.002,0.002,False,0.0,direct-fallback,0,0,517,880,478,995,0,995,1760,2.0,0,995,1760,2.0,nan,1358,880,1.5431818181818182,6,-inf,inf
grid-32x32,1024,0.04,0.005,0.005,False,0.0,direct-fallback,0,0,232,403,290,522,0,522,806,2.0,0,522,806,2.0,nan,693,403,1.7196029776674937,6,-inf,inf
grid-32x32,1024,0.16,0.0001,0.0001,False,0.0,direct-fallback,0,0,448,587,587,1178,0,1178,1174,2.0,0,1178,1174,2.0,nan,1174,587,2.0,7,-inf,inf
grid-32x32,1024,0.16,0.0005,0.0005,False,0.0,direct-fallback,0,0,202,312,312,628,0,628,624,2.0,0,628,624,2.0,nan,624,312,2.0,7,-inf,inf
grid-32x32,1024,0.16,0.001,0.001,False,0.0,direct-fallback,0,0,146,202,202,518,0,518,404,2.0,0,518,404,2.0,nan,404,202,2.0,7,-inf,inf
grid-32x32,1024,0.16,0.002,0.002,False,0.0,direct-fallback,0,0,96,146,146,380,0,380,292,2.0,0,380,292,2.0,nan,292,146,2.0,7,-inf,inf
grid-32x32,1024,0.16,0.005,0.005,False,0.0,direct-fallback,0,0,48,96,96,228,0,228,192,2.0,0,228,192,2.0,nan,192,96,2.0,6,-inf,inf
