family,vertices,alpha,epsilon,shock_radius,green_radius,shock_attempted,shock_passed,envelope_volume,exposure_work,shock_cg_iterations,shock_work,final_cg_iterations,final_work,total_work,direct_work,ratio,semantic_error
path-96,96,0.01,0.0001,-1,52,False,False,105,105,0,0,52,5460,5565,6312,0.8816539923954373,2.9389410604060543e-06
path-96,96,0.01,0.0005,-1,44,False,False,89,89,0,0,44,3916,4005,3399,1.17828773168579,1.4634984571527647e-05
path-96,96,0.01,0.001,-1,41,False,False,83,83,0,0,40,3320,3403,2658,1.2802859292701279,3.2658254670139826e-05
path-96,96,0.01,0.002,-1,37,False,False,75,75,0,0,37,2775,2850,1789,1.593068753493572,5.962707401655948e-05
path-96,96,0.01,0.005,-1,33,False,False,67,67,0,0,32,2144,2211,1162,1.9027538726333908,0.00016262764647656752
path-96,96,0.04,0.0001,-1,26,False,False,53,53,0,0,26,1378,1431,985,1.4527918781725888,5.280283738982121e-06
path-96,96,0.04,0.0005,-1,22,False,False,45,45,0,0,22,990,1035,631,1.6402535657686212,2.6731436428597013e-05
path-96,96,0.04,0.001,-1,20,False,False,41,41,0,0,20,820,861,507,1.698224852071006,6.014573196434329e-05
path-96,96,0.04,0.002,-1,18,False,False,37,37,0,0,18,666,703,344,2.0436046511627906,0.00013532789691977242
path-96,96,0.04,0.005,-1,16,False,False,33,33,0,0,16,528,561,252,2.2261904761904763,0.000304487768069488
path-96,96,0.16,0.0001,-1,12,False,False,25,25,0,0,13,325,350,148,2.364864864864865,6.582059175969518e-06
path-96,96,0.16,0.0005,-1,10,False,False,21,21,0,0,11,231,252,96,2.625,3.583565551361181e-05
path-96,96,0.16,0.001,-1,9,False,False,19,19,0,0,10,190,209,77,2.7142857142857144,8.36165295317609e-05
path-96,96,0.16,0.002,-1,8,False,False,17,17,0,0,9,153,170,60,2.8333333333333335,0.00019510523557410872
path-96,96,0.16,0.005,-1,7,False,False,15,15,0,0,8,120,135,45,3.0,0.0004552455496729203
cycle-96,96,0.01,0.0001,-1,52,False,False,192,192,0,0,49,9408,9600,10156,0.9452540370224498,5.887846720064156e-17
cycle-96,96,0.01,0.0005,-1,44,False,False,178,178,0,0,42,7476,7654,5316,1.4398043641835967,1.1914763877165259e-05
cycle-96,96,0.01,0.001,-1,41,False,False,166,166,0,0,38,6308,6474,3578,1.8093907210732252,2.4833712520995277e-05
cycle-96,96,0.01,0.002,-1,37,False,False,150,150,0,0,35,5250,5400,2612,2.0673813169984685,4.4777711557542355e-05
cycle-96,96,0.01,0.005,-1,33,False,False,134,134,0,0,30,4020,4154,1490,2.787919463087248,0.00012155732166393135
cycle-96,96,0.04,0.0001,-1,26,False,False,106,106,0,0,25,2650,2756,1654,1.6662636033857317,3.960212835679344e-06
cycle-96,96,0.04,0.0005,-1,22,False,False,90,90,0,0,21,1890,1980,1014,1.952662721893491,2.0048577327658663e-05
cycle-96,96,0.04,0.001,-1,20,False,False,82,82,0,0,19,1558,1640,688,2.383720930232558,4.510929897601785e-05
cycle-96,96,0.04,0.002,-1,18,False,False,74,74,0,0,18,1332,1406,538,2.613382899628253,6.766394846172645e-05
cycle-96,96,0.04,0.005,-1,16,False,False,66,66,0,0,15,990,1056,296,3.5675675675675675,0.0002283658260526613
cycle-96,96,0.16,0.0001,-1,12,False,False,50,50,0,0,12,600,650,254,2.559055118110236,7.679069038631104e-06
cycle-96,96,0.16,0.0005,-1,10,False,False,42,42,0,0,10,420,462,154,3.0,4.1808264765880454e-05
cycle-96,96,0.16,0.001,-1,9,False,False,38,38,0,0,9,342,380,120,3.1666666666666665,9.755261778705439e-05
cycle-96,96,0.16,0.002,-1,8,False,False,34,34,0,0,9,306,340,102,3.3333333333333335,9.755261778705439e-05
cycle-96,96,0.16,0.005,-1,7,False,False,30,30,0,0,8,240,270,60,4.5,0.0002276227748364602
star-96,96,0.01,0.0001,-1,52,False,False,190,190,0,0,2,380,570,22135,0.02575107296137339,6.505213034913027e-17
star-96,96,0.01,0.0005,-1,44,False,False,190,190,0,0,2,380,570,14535,0.0392156862745098,6.505213034913027e-17
star-96,96,0.01,0.001,-1,41,False,False,190,190,0,0,2,380,570,11210,0.05084745762711865,6.505213034913027e-17
star-96,96,0.01,0.002,-1,37,False,False,190,190,0,0,2,380,570,7980,0.07142857142857142,6.505213034913027e-17
star-96,96,0.01,0.005,-1,33,False,False,190,190,0,0,2,380,570,3610,0.15789473684210525,6.505213034913027e-17
star-96,96,0.04,0.0001,-1,26,False,False,190,190,0,0,2,380,570,5605,0.1016949152542373,4.336808689942018e-17
star-96,96,0.04,0.0005,-1,22,False,False,190,190,0,0,2,380,570,3705,0.15384615384615385,4.336808689942018e-17
star-96,96,0.04,0.001,-1,20,False,False,190,190,0,0,2,380,570,2850,0.2,4.336808689942018e-17
star-96,96,0.04,0.002,-1,18,False,False,190,190,0,0,2,380,570,1995,0.2857142857142857,4.336808689942018e-17
star-96,96,0.04,0.005,-1,16,False,False,190,190,0,0,2,380,570,950,0.6,4.336808689942018e-17
star-96,96,0.16,0.0001,-1,12,False,False,190,190,0,0,2,380,570,1425,0.4,1.6374056345496258e-17
star-96,96,0.16,0.0005,-1,10,False,False,190,190,0,0,2,380,570,950,0.6,1.6374056345496258e-17
star-96,96,0.16,0.001,-1,9,False,False,190,190,0,0,2,380,570,760,0.75,1.6374056345496258e-17
star-96,96,0.16,0.002,-1,8,False,False,190,190,0,0,2,380,570,570,1.0,1.6374056345496258e-17
star-96,96,0.16,0.005,-1,7,False,False,190,190,0,0,2,380,570,285,2.0,1.6374056345496258e-17
binary-depth-7,255,0.01,0.0001,-1,52,False,False,508,508,0,0,8,4064,4572,44532,0.1026677445432498,4.506943796211478e-18
binary-depth-7,255,0.01,0.0005,-1,44,False,False,508,508,0,0,8,4064,4572,24082,0.1898513412507267,4.506943796211478e-18
binary-depth-7,255,0.01,0.001,-1,41,False,False,508,508,0,0,8,4064,4572,15284,0.2991363517403821,4.506943796211478e-18
binary-depth-7,255,0.01,0.002,-1,37,False,False,508,508,0,0,8,4064,4572,6452,0.7086174829510229,4.506943796211478e-18
binary-depth-7,255,0.01,0.005,-1,33,False,False,0,400,0,0,0,0,800,400,2.0,nan
binary-depth-7,255,0.04,0.0001,-1,26,False,False,508,508,0,0,8,4064,4572,9692,0.47172926124638875,9.813077866773593e-18
binary-depth-7,255,0.04,0.0005,-1,22,False,False,508,508,0,0,8,4064,4572,4592,0.9956445993031359,9.813077866773593e-18
binary-depth-7,255,0.04,0.001,-1,20,False,False,508,508,0,0,8,4064,4572,2182,2.0953253895508706,9.813077866773593e-18
binary-depth-7,255,0.04,0.002,-1,18,False,False,508,508,0,0,8,4064,4572,576,7.9375,9.813077866773593e-18
binary-depth-7,255,0.04,0.005,-1,16,False,False,0,400,0,0,0,0,610,210,2.9047619047619047,nan
binary-depth-7,255,0.16,0.0001,-1,12,False,False,508,508,0,0,8,4064,4572,1244,3.67524115755627,1.6024689053196368e-17
binary-depth-7,255,0.16,0.0005,-1,10,False,False,508,508,0,0,8,4064,4572,386,11.844559585492227,1.6024689053196368e-17
binary-depth-7,255,0.16,0.001,-1,9,False,False,508,508,0,0,8,4064,4572,186,24.580645161290324,1.6024689053196368e-17
binary-depth-7,255,0.16,0.002,-1,8,False,False,508,508,0,0,8,4064,4572,184,24.847826086956523,1.6024689053196368e-17
binary-depth-7,255,0.16,0.005,-1,7,False,False,0,400,0,0,0,0,474,74,6.405405405405405,nan
broom-48-47,96,0.01,0.0001,47,52,True,True,95,95,48,4561,0,0,4656,6312,0.7376425855513308,1.272600835195081e-06
broom-48-47,96,0.01,0.0005,-1,44,False,False,89,89,0,0,44,3916,4005,3399,1.17828773168579,1.2266327957973284e-05
broom-48-47,96,0.01,0.001,-1,41,False,False,83,83,0,0,40,3320,3403,2658,1.2802859292701279,3.159680003137257e-05
broom-48-47,96,0.01,0.002,-1,37,False,False,75,75,0,0,37,2775,2850,1789,1.593068753493572,5.904570615461598e-05
broom-48-47,96,0.01,0.005,-1,33,False,False,67,67,0,0,32,2144,2211,1162,1.9027538726333908,0.00016241448872239333
broom-48-47,96,0.04,0.0001,-1,26,False,False,53,53,0,0,26,1378,1431,985,1.4527918781725888,5.280283654543108e-06
broom-48-47,96,0.04,0.0005,-1,22,False,False,45,45,0,0,22,990,1035,631,1.6402535657686212,2.6731436411917697e-05
broom-48-47,96,0.04,0.001,-1,20,False,False,41,41,0,0,20,820,861,507,1.698224852071006,6.014573195693027e-05
broom-48-47,96,0.04,0.002,-1,18,False,False,37,37,0,0,18,666,703,344,2.0436046511627906,0.00013532789691647778
broom-48-47,96,0.04,0.005,-1,16,False,False,33,33,0,0,16,528,561,252,2.2261904761904763,0.0003044877680680237
broom-48-47,96,0.16,0.0001,-1,12,False,False,25,25,0,0,13,325,350,148,2.364864864864865,6.582059175969518e-06
broom-48-47,96,0.16,0.0005,-1,10,False,False,21,21,0,0,11,231,252,96,2.625,3.583565551361181e-05
broom-48-47,96,0.16,0.001,-1,9,False,False,19,19,0,0,10,190,209,77,2.7142857142857144,8.36165295317609e-05
broom-48-47,96,0.16,0.002,-1,8,False,False,17,17,0,0,9,153,170,60,2.8333333333333335,0.00019510523557410872
broom-48-47,96,0.16,0.005,-1,7,False,False,15,15,0,0,8,120,135,45,3.0,0.0004552455496729203
grid-12x12,144,0.01,0.0001,-1,52,False,False,528,528,0,0,35,18480,19008,38872,0.4889895040131714,2.308770676193946e-07
grid-12x12,144,0.01,0.0005,-1,44,False,False,528,528,0,0,33,17424,17952,14214,1.2629801604052342,1.0906052796749378e-06
grid-12x12,144,0.01,0.001,-1,41,False,False,528,528,0,0,31,16368,16896,7452,2.2673107890499193,5.006633383380902e-06
grid-12x12,144,0.01,0.002,-1,37,False,False,528,528,0,0,30,15840,16368,3792,4.3164556962025316,7.364607915180975e-06
grid-12x12,144,0.01,0.005,-1,33,False,False,0,400,0,0,0,0,1659,1259,1.3177124702144558,nan
grid-12x12,144,0.04,0.0001,-1,26,False,False,528,528,0,0,24,12672,13200,5004,2.6378896882494005,1.4312959865323422e-06
grid-12x12,144,0.04,0.0005,-1,22,False,False,528,528,0,0,20,10560,11088,2127,5.212976022566996,1.2888241745599763e-05
grid-12x12,144,0.04,0.001,-1,20,False,False,520,520,0,0,19,9880,10400,1491,6.975184439973172,1.7053615469821966e-05
grid-12x12,144,0.04,0.002,-1,18,False,False,496,496,0,0,17,8432,8928,880,10.145454545454545,3.1333919648744425e-05
grid-12x12,144,0.04,0.005,-1,16,False,False,0,400,0,0,0,0,764,364,2.098901098901099,nan
grid-12x12,144,0.16,0.0001,-1,12,False,False,328,328,0,0,12,3936,4264,587,7.264054514480409,2.5075470950551986e-06
grid-12x12,144,0.16,0.0005,-1,10,False,False,242,242,0,0,10,2420,2662,312,8.532051282051283,1.4630374202092695e-05
grid-12x12,144,0.16,0.001,-1,9,False,False,200,200,0,0,9,1800,2000,202,9.900990099009901,3.45025024305962e-05
grid-12x12,144,0.16,0.002,-1,8,False,False,162,162,0,0,8,1296,1458,146,9.986301369863014,8.643429534085043e-05
grid-12x12,144,0.16,0.005,-1,7,False,False,128,128,0,0,7,896,1024,76,13.473684210526315,0.00020422078946318124
