family,vertices,alpha,epsilon,cap,succeeded,trigger_radius,envelope_volume,exposure_work,attempt_count,scratch_iterations,scratch_work,fallback_work,total_work,direct_appr_work,direct_priority_work,ratio_to_best_direct,semantic_error,leakage_budget,terminal_error_bar
path-96,96,0.01,0.005,400,True,31,63,190,6,63,2667,0,2857,1303,1162,2.4586919104991396,0.00016262764647656752,0.0025,5.500987265451931e-17
path-96,96,0.01,0.01,200,True,31,63,190,6,63,2667,0,2857,966,745,3.8348993288590605,0.00016262764647656752,0.005,5.500987265451931e-17
path-96,96,0.01,0.02,100,True,31,63,63,6,63,2667,0,2730,482,417,6.546762589928058,0.00016262764647656752,0.01,5.500987265451931e-17
path-96,96,0.04,0.005,400,True,15,31,190,5,31,651,0,841,299,252,3.3373015873015874,0.000304487768069488,0.0025,2.0407517686366494e-18
path-96,96,0.04,0.01,200,True,15,31,190,5,31,651,0,841,184,148,5.6824324324324325,0.000304487768069488,0.005,2.0407517686366494e-18
path-96,96,0.04,0.02,100,True,15,31,63,5,31,651,0,714,99,103,7.212121212121212,0.000304487768069488,0.01,2.0407517686366494e-18
path-96,96,0.16,0.005,400,True,7,15,190,4,15,155,0,345,48,45,7.666666666666667,0.0004552455496729203,0.0025,1.9224039012476773e-18
path-96,96,0.16,0.01,200,True,7,15,190,4,14,140,0,330,35,30,11.0,0.0010622396159034808,0.005,0.00375555769328425
path-96,96,0.16,0.02,100,True,7,15,63,4,14,140,0,203,27,27,7.518518518518518,0.0010622396159034808,0.01,0.00375555769328425
cycle-96,96,0.01,0.005,400,True,31,126,192,6,63,5334,0,5526,1932,1490,3.7087248322147652,8.144606234473494e-05,0.0025,9.329733999459811e-18
cycle-96,96,0.01,0.01,200,True,31,126,192,6,63,5334,0,5526,964,834,6.625899280575539,8.144606234473494e-05,0.005,9.329733999459811e-18
cycle-96,96,0.01,0.02,100,False,-1,0,62,5,31,1302,396,1760,328,396,5.365853658536586,0.011315811860041998,0.01,nan
cycle-96,96,0.04,0.005,400,True,15,62,192,5,31,1302,0,1494,368,296,5.047297297297297,0.00015224388403556192,0.0025,4.338680344840999e-18
cycle-96,96,0.04,0.01,200,True,15,62,192,5,31,1302,0,1494,198,206,7.545454545454546,0.00015224388403556192,0.005,4.338680344840999e-18
cycle-96,96,0.04,0.02,100,True,15,62,62,5,31,1302,0,1364,164,96,14.208333333333334,0.00015224388403556192,0.01,4.338680344840999e-18
cycle-96,96,0.16,0.005,400,True,7,30,192,4,15,310,0,502,70,60,8.366666666666667,0.0002276227748364602,0.0025,2.110923680715869e-18
cycle-96,96,0.16,0.01,200,True,7,30,192,4,14,280,0,472,54,54,8.74074074074074,0.0005311198079517404,0.005,0.0026555803120586023
cycle-96,96,0.16,0.02,100,True,7,30,62,4,13,250,0,312,32,36,9.75,0.001239279551887394,0.01,0.00619615985574044
star-96,96,0.01,0.005,400,True,1,190,190,2,3,475,0,665,3610,3610,0.18421052631578946,6.505213034913027e-17,0.0025,3.2205830559705397e-15
star-96,96,0.01,0.01,200,True,1,190,190,2,3,475,0,665,285,285,2.3333333333333335,6.505213034913027e-17,0.005,3.2205830559705397e-15
star-96,96,0.01,0.02,100,False,-1,0,0,0,0,0,0,0,0,0,0.0,0.005315789473684197,0.01,nan
star-96,96,0.04,0.005,400,True,1,190,190,2,3,475,0,665,950,950,0.7,4.336808689942018e-17,0.0025,1.144488402260609e-15
star-96,96,0.04,0.01,200,True,1,190,190,2,3,475,0,665,95,95,7.0,4.336808689942018e-17,0.005,1.144488402260609e-15
star-96,96,0.04,0.02,100,False,-1,0,0,0,0,0,0,0,0,0,0.0,0.005473684210526324,0.01,nan
star-96,96,0.16,0.005,400,True,1,190,190,2,3,475,0,665,285,285,2.3333333333333335,1.6374056345496258e-17,0.0025,1.892369101414244e-16
star-96,96,0.16,0.01,200,True,1,190,190,2,3,475,0,665,95,95,7.0,1.6374056345496258e-17,0.005,1.892369101414244e-16
star-96,96,0.16,0.02,100,False,-1,0,0,0,0,0,0,0,0,0,0.0,0.006105263157894725,0.01,nan
binary-depth-7,255,0.01,0.005,400,False,-1,0,380,7,28,4502,400,5282,582,400,13.205,0.00201245012485762,0.0025,nan
binary-depth-7,255,0.01,0.01,200,True,5,188,188,6,21,1842,0,2030,274,226,8.982300884955752,0.0015654152476006057,0.005,1.8041508049910058e-17
binary-depth-7,255,0.01,0.02,100,True,4,92,92,5,15,714,0,806,94,102,8.574468085106384,0.0017222855424396707,0.01,3.736575357179281e-17
binary-depth-7,255,0.04,0.005,400,True,5,188,380,6,21,1842,0,2222,210,252,10.58095238095238,0.0008434545075822676,0.0025,2.698422739840261e-17
binary-depth-7,255,0.04,0.01,200,True,4,92,188,5,15,714,0,902,138,114,7.912280701754386,0.0011840803664135682,0.005,2.893383535610758e-17
binary-depth-7,255,0.04,0.02,100,True,4,92,92,5,15,714,0,806,94,88,9.159090909090908,0.0011840803664135682,0.01,2.893383535610758e-17
binary-depth-7,255,0.16,0.005,400,True,4,92,380,5,15,714,0,1094,74,92,14.783783783783784,0.00031082380141151506,0.0025,6.1997045149106894e-18
binary-depth-7,255,0.16,0.01,200,True,3,44,188,4,10,254,0,442,30,30,14.733333333333333,0.0010569957477616447,0.005,1.306359923621677e-17
binary-depth-7,255,0.16,0.02,100,True,2,20,92,3,6,78,0,170,30,30,5.666666666666667,0.003757334780760926,0.01,2.3457705738138724e-17
broom-48-47,96,0.01,0.005,400,True,31,63,190,6,63,2667,0,2857,1303,1162,2.4586919104991396,0.00016241448872239333,0.0025,5.500987265451931e-17
broom-48-47,96,0.01,0.01,200,True,31,63,190,6,63,2667,0,2857,966,745,3.8348993288590605,0.00016241448872239333,0.005,5.500987265451931e-17
broom-48-47,96,0.01,0.02,100,True,31,63,63,6,63,2667,0,2730,482,417,6.546762589928058,0.00016241448872239333,0.01,5.500987265451931e-17
broom-48-47,96,0.04,0.005,400,True,15,31,190,5,31,651,0,841,299,252,3.3373015873015874,0.0003044877680680237,0.0025,2.0407517686366494e-18
broom-48-47,96,0.04,0.01,200,True,15,31,190,5,31,651,0,841,184,148,5.6824324324324325,0.0003044877680680237,0.005,2.0407517686366494e-18
broom-48-47,96,0.04,0.02,100,True,15,31,63,5,31,651,0,714,99,103,7.212121212121212,0.0003044877680680237,0.01,2.0407517686366494e-18
broom-48-47,96,0.16,0.005,400,True,7,15,190,4,15,155,0,345,48,45,7.666666666666667,0.0004552455496729203,0.0025,1.9224039012476773e-18
broom-48-47,96,0.16,0.01,200,True,7,15,190,4,14,140,0,330,35,30,11.0,0.0010622396159034808,0.005,0.00375555769328425
broom-48-47,96,0.16,0.02,100,True,7,15,63,4,14,140,0,203,27,27,7.518518518518518,0.0010622396159034808,0.01,0.00375555769328425
grid-12x12,144,0.01,0.005,400,False,-1,0,286,6,69,13278,1259,14823,1590,1259,11.7736298649722,0.0023517597129978276,0.0025,nan
grid-12x12,144,0.01,0.01,200,False,-1,0,128,5,33,2982,454,3564,400,454,8.91,0.003940099765467234,0.005,nan
grid-12x12,144,0.01,0.02,100,False,-1,0,50,4,13,422,156,628,130,156,4.8307692307692305,0.0059091035485702515,0.01,nan
grid-12x12,144,0.04,0.005,400,True,11,286,286,6,50,7844,0,8130,364,403,22.335164835164836,0.00019331973045298083,0.0025,0.00014221406982193953
grid-12x12,144,0.04,0.01,200,False,-1,0,128,5,33,2982,232,3342,228,232,14.657894736842104,0.004039471867267645,0.005,nan
grid-12x12,144,0.04,0.02,100,False,-1,0,50,4,13,422,80,552,94,80,6.9,0.008364488937377174,0.01,nan
grid-12x12,144,0.16,0.005,400,True,7,128,286,5,21,1446,0,1732,76,96,22.789473684210527,8.643429534085043e-05,0.0025,0.000414014907631945
grid-12x12,144,0.16,0.01,200,True,4,50,128,4,12,372,0,500,60,48,10.416666666666666,0.0012322463268861579,0.005,0.0010219508363582997
grid-12x12,144,0.16,0.02,100,True,4,50,50,4,11,322,0,372,28,28,13.285714285714286,0.0012322463268861579,0.01,0.0033631012583967995
