family,vertices,alpha,epsilon,engine,stage1_work,stage1_pushes,envelope_volume,reference_support_volume,handoff_semantic_error,tail_iterations,stage2_work,total_work,semantic_error,screen_succeeded
path-96,96,0.01,0.05,appr-direct-ppr,126,70,15,13,0.030761486975257803,0,0,126,0.030761486975257803,
path-96,96,0.01,0.05,green-ball-screen-or-appr,165,70,15,13,0.030761486975257803,0,0,165,0.030761486975257803,False
path-96,96,0.01,0.05,priority-gs-direct-ppr,126,71,15,190,0.029857953970266762,0,0,126,0.029857953970266762,
path-96,96,0.01,0.05,appr-envelope,388,208,23,19,0.014666869321739662,13,299,687,0.02541865828328989,
path-96,96,0.01,0.05,gs-gap-envelope-oracle-stop,990,521,15,23,0.02008161304032927,14,210,1200,0.022876792454960895,
path-96,96,0.01,0.05,priority-gs-positive-key-envelope,497,270,13,23,0.024544193715957997,13,169,666,0.02541865828328989,
path-96,96,0.01,0.05,priority-gs-positive-key-envelope-tuned,479,262,13,19,0.026846816808794846,14,182,661,0.024544193715957997,
path-96,96,0.01,0.1,appr-direct-ppr,32,19,9,7,0.0509369923449805,0,0,32,0.0509369923449805,
path-96,96,0.01,0.1,green-ball-screen-or-appr,51,19,9,7,0.0509369923449805,0,0,51,0.0509369923449805,False
path-96,96,0.01,0.1,priority-gs-direct-ppr,42,25,9,190,0.04591502561126116,0,0,42,0.04591502561126116,
path-96,96,0.01,0.1,appr-envelope,126,70,15,13,0.030761486975257803,6,90,216,0.05314409999999988,
path-96,96,0.01,0.1,gs-gap-envelope-oracle-stop,373,201,7,17,0.044812512806502204,4,28,401,0.06560999999999988,
path-96,96,0.01,0.1,priority-gs-positive-key-envelope,181,102,7,17,0.044812512806502204,4,28,209,0.06560999999999988,
path-96,96,0.01,0.1,priority-gs-positive-key-envelope-tuned,168,96,7,13,0.04505488798380419,6,42,210,0.05314409999999988,
path-96,96,0.04,0.05,appr-direct-ppr,59,34,11,9,0.02306123540017538,0,0,59,0.02306123540017538,
path-96,96,0.04,0.05,green-ball-screen-or-appr,21,0,21,190,nan,10,210,231,0.02147483647999987,True
path-96,96,0.04,0.05,priority-gs-direct-ppr,48,28,11,190,0.027789830425015233,0,0,48,0.027789830425015233,
path-96,96,0.04,0.05,appr-envelope,116,64,15,13,0.010925573753755524,10,150,266,0.02147483647999987,
path-96,96,0.04,0.05,gs-gap-envelope-oracle-stop,201,109,11,15,0.018631244116337403,11,121,322,0.017558299039780487,
path-96,96,0.04,0.05,priority-gs-positive-key-envelope,124,70,11,15,0.020432280460968302,11,121,245,0.017558299039780487,
path-96,96,0.04,0.05,priority-gs-positive-key-envelope-tuned,125,71,9,13,0.026962514312201202,11,99,224,0.026337448559670736,
path-96,96,0.04,0.1,appr-direct-ppr,21,13,7,7,0.04961841497474033,0,0,21,0.04961841497474033,
path-96,96,0.04,0.1,green-ball-screen-or-appr,19,0,19,190,nan,7,133,152,0.041943039999999876,True
path-96,96,0.04,0.1,priority-gs-direct-ppr,21,13,7,190,0.04961841497474033,0,0,21,0.04961841497474033,
path-96,96,0.04,0.1,appr-envelope,59,34,11,9,0.02306123540017538,6,66,125,0.05242879999999986,
path-96,96,0.04,0.1,gs-gap-envelope-oracle-stop,102,57,7,11,0.0395061728395061,7,49,151,0.041943039999999876,
path-96,96,0.04,0.1,priority-gs-positive-key-envelope,61,36,7,11,0.0395061728395061,7,49,110,0.041943039999999876,
path-96,96,0.04,0.1,priority-gs-positive-key-envelope-tuned,68,40,7,9,0.049183918929204457,8,56,124,0.0395061728395061,
path-96,96,0.16,0.05,appr-direct-ppr,15,9,7,5,0.023365078182601973,0,0,15,0.023365078182601973,
path-96,96,0.16,0.05,green-ball-screen-or-appr,11,0,11,190,nan,6,66,77,0.018662400000000023,True
path-96,96,0.16,0.05,priority-gs-direct-ppr,15,9,7,190,0.023365078182601973,0,0,15,0.023365078182601973,
path-96,96,0.16,0.05,appr-envelope,16,10,7,7,0.01839307475134634,6,42,58,0.018662400000000023,
path-96,96,0.16,0.05,gs-gap-envelope-oracle-stop,33,19,7,9,0.020230483966666934,7,49,82,0.013494377342773842,
path-96,96,0.16,0.05,priority-gs-positive-key-envelope,27,16,7,9,0.02052967882073453,7,49,76,0.013494377342773842,
path-96,96,0.16,0.05,priority-gs-positive-key-envelope-tuned,28,17,7,7,0.024363291200807963,7,49,77,0.013494377342773842,
path-96,96,0.16,0.1,appr-direct-ppr,9,6,5,5,0.03730554339903986,0,0,9,0.03730554339903986,
path-96,96,0.16,0.1,green-ball-screen-or-appr,9,0,9,190,nan,5,45,54,0.03110400000000002,True
path-96,96,0.16,0.1,priority-gs-direct-ppr,9,6,5,190,0.03730554339903986,0,0,9,0.03730554339903986,
path-96,96,0.16,0.1,appr-envelope,15,9,7,5,0.023365078182601973,5,35,50,0.03110400000000002,
path-96,96,0.16,0.1,gs-gap-envelope-oracle-stop,20,12,5,7,0.038772015813975325,5,25,45,0.0314868804664723,
path-96,96,0.16,0.1,priority-gs-positive-key-envelope,17,11,5,7,0.03730135575899071,5,25,42,0.0314868804664723,
path-96,96,0.16,0.1,priority-gs-positive-key-envelope-tuned,17,11,5,5,0.046582522736641915,6,30,47,0.0314868804664723,
cycle-96,96,0.01,0.05,appr-direct-ppr,64,32,18,14,0.025468496611293044,0,0,64,0.025468496611293044,
cycle-96,96,0.01,0.05,green-ball-screen-or-appr,104,32,18,14,0.025468496611293044,0,0,104,0.025468496611293044,False
cycle-96,96,0.01,0.05,priority-gs-direct-ppr,84,42,18,192,0.02295751324443337,0,0,84,0.02295751324443337,
cycle-96,96,0.01,0.05,appr-envelope,252,126,30,26,0.015380743952850242,6,180,432,0.026572050430113556,
cycle-96,96,0.01,0.05,gs-gap-envelope-oracle-stop,916,458,14,34,0.022406256979526907,4,56,972,0.03280500043011356,
cycle-96,96,0.01,0.05,priority-gs-positive-key-envelope,362,181,14,34,0.022406256979526907,4,56,418,0.03280500043011356,
cycle-96,96,0.01,0.05,priority-gs-positive-key-envelope-tuned,336,168,14,26,0.02252744442201572,6,84,420,0.026572050430113556,
cycle-96,96,0.01,0.1,appr-direct-ppr,18,9,10,6,0.032559982401061886,0,0,18,0.032559982401061886,
cycle-96,96,0.01,0.1,green-ball-screen-or-appr,38,9,10,6,0.032559982401061886,0,0,38,0.032559982401061886,False
cycle-96,96,0.01,0.1,priority-gs-direct-ppr,18,9,10,192,0.032559982401061886,0,0,18,0.032559982401061886,
cycle-96,96,0.01,0.1,appr-envelope,64,32,18,14,0.025468496611293044,0,0,64,0.05000000043011356,
cycle-96,96,0.01,0.1,gs-gap-envelope-oracle-stop,190,95,2,22,0.04090909134789364,0,0,190,0.05000000043011356,
cycle-96,96,0.01,0.1,priority-gs-positive-key-envelope,104,52,2,22,0.04090909134789364,0,0,104,0.05000000043011356,
cycle-96,96,0.01,0.1,priority-gs-positive-key-envelope-tuned,78,39,2,14,0.04090909134789364,0,0,78,0.05000000043011356,
cycle-96,96,0.04,0.05,appr-direct-ppr,42,21,14,14,0.02480920748737018,0,0,42,0.02480920748737018,
cycle-96,96,0.04,0.05,green-ball-screen-or-appr,82,21,14,14,0.02480920748737018,0,0,82,0.02480920748737018,False
cycle-96,96,0.04,0.05,priority-gs-direct-ppr,42,21,14,192,0.02480920748737018,0,0,42,0.02480920748737018,
cycle-96,96,0.04,0.05,appr-envelope,118,59,22,18,0.01153061770008771,6,132,250,0.02621439999999994,
cycle-96,96,0.04,0.05,gs-gap-envelope-oracle-stop,238,119,14,22,0.01975308641975307,7,98,336,0.020971519999999938,
cycle-96,96,0.04,0.05,priority-gs-positive-key-envelope,122,61,14,22,0.01975308641975307,7,98,220,0.020971519999999938,
cycle-96,96,0.04,0.05,priority-gs-positive-key-envelope-tuned,136,68,14,18,0.024591959464602214,8,112,248,0.01975308641975307,
cycle-96,96,0.04,0.1,appr-direct-ppr,18,9,10,6,0.037571046765402634,0,0,18,0.037571046765402634,
cycle-96,96,0.04,0.1,green-ball-screen-or-appr,38,9,10,6,0.037571046765402634,0,0,38,0.037571046765402634,False
cycle-96,96,0.04,0.1,priority-gs-direct-ppr,18,9,10,192,0.037571046765402634,0,0,18,0.037571046765402634,
cycle-96,96,0.04,0.1,appr-envelope,42,21,14,14,0.02480920748737018,3,42,84,0.05119999999999992,
cycle-96,96,0.04,0.1,gs-gap-envelope-oracle-stop,84,42,6,18,0.0444444444444444,2,12,96,0.06399999999999992,
cycle-96,96,0.04,0.1,priority-gs-positive-key-envelope,48,24,6,18,0.0444444444444444,2,12,60,0.06399999999999992,
cycle-96,96,0.04,0.1,priority-gs-positive-key-envelope-tuned,44,22,6,14,0.0444444444444444,3,18,62,0.05119999999999992,
cycle-96,96,0.16,0.05,appr-direct-ppr,18,9,10,10,0.018652771699519937,0,0,18,0.018652771699519937,
cycle-96,96,0.16,0.05,green-ball-screen-or-appr,22,0,22,192,nan,5,110,132,0.01555199999999999,True
cycle-96,96,0.16,0.05,priority-gs-direct-ppr,18,9,10,192,0.018652771699519937,0,0,18,0.018652771699519937,
cycle-96,96,0.16,0.05,appr-envelope,30,15,14,10,0.011682539091300959,5,70,100,0.01555199999999999,
cycle-96,96,0.16,0.05,gs-gap-envelope-oracle-stop,46,23,10,14,0.017826242493974367,5,50,96,0.015743440233236154,
cycle-96,96,0.16,0.05,priority-gs-positive-key-envelope,34,17,10,14,0.018650677879495356,5,50,84,0.015743440233236154,
cycle-96,96,0.16,0.05,priority-gs-positive-key-envelope-tuned,34,17,10,10,0.023291261368320958,6,60,94,0.015743440233236154,
cycle-96,96,0.16,0.1,appr-direct-ppr,8,4,6,6,0.036734693877551024,0,0,8,0.036734693877551024,
cycle-96,96,0.16,0.1,green-ball-screen-or-appr,18,0,18,192,nan,3,54,72,0.043199999999999995,True
cycle-96,96,0.16,0.1,priority-gs-direct-ppr,8,4,6,192,0.036734693877551024,0,0,8,0.036734693877551024,
cycle-96,96,0.16,0.1,appr-envelope,18,9,10,10,0.018652771699519937,3,30,48,0.043199999999999995,
cycle-96,96,0.16,0.1,gs-gap-envelope-oracle-stop,26,13,6,10,0.036734693877551024,3,18,44,0.043199999999999995,
cycle-96,96,0.16,0.1,priority-gs-positive-key-envelope,22,11,6,10,0.037066420153579194,3,18,40,0.043199999999999995,
cycle-96,96,0.16,0.1,priority-gs-positive-key-envelope-tuned,14,7,6,10,0.04487550455611758,4,24,38,0.036734693877551024,
star-96,96,0.01,0.05,appr-direct-ppr,0,0,0,0,0.005315789473684197,0,0,0,0.005315789473684197,
star-96,96,0.01,0.05,green-ball-screen-or-appr,0,0,0,0,0.005315789473684197,0,0,0,0.005315789473684197,False
star-96,96,0.01,0.05,priority-gs-direct-ppr,0,0,0,190,0.005315789473684197,0,0,0,0.005315789473684197,
star-96,96,0.01,0.05,appr-envelope,0,0,0,0,0.005315789473684197,0,0,0,0.005315789473684197,
star-96,96,0.01,0.05,gs-gap-envelope-oracle-stop,0,0,0,0,0.005315789473684197,0,0,0,0.005315789473684197,
star-96,96,0.01,0.05,priority-gs-positive-key-envelope,0,0,0,0,0.005315789473684197,0,0,0,0.005315789473684197,
star-96,96,0.01,0.05,priority-gs-positive-key-envelope-tuned,0,0,0,0,0.005315789473684197,0,0,0,0.005315789473684197,
star-96,96,0.01,0.1,appr-direct-ppr,0,0,0,0,0.005315789473684197,0,0,0,0.005315789473684197,
star-96,96,0.01,0.1,green-ball-screen-or-appr,0,0,0,0,0.005315789473684197,0,0,0,0.005315789473684197,False
star-96,96,0.01,0.1,priority-gs-direct-ppr,0,0,0,190,0.005315789473684197,0,0,0,0.005315789473684197,
star-96,96,0.01,0.1,appr-envelope,0,0,0,0,0.005315789473684197,0,0,0,0.005315789473684197,
star-96,96,0.01,0.1,gs-gap-envelope-oracle-stop,0,0,0,0,0.005315789473684197,0,0,0,0.005315789473684197,
star-96,96,0.01,0.1,priority-gs-positive-key-envelope,0,0,0,0,0.005315789473684197,0,0,0,0.005315789473684197,
star-96,96,0.01,0.1,priority-gs-positive-key-envelope-tuned,0,0,0,0,0.005315789473684197,0,0,0,0.005315789473684197,
star-96,96,0.04,0.05,appr-direct-ppr,0,0,0,0,0.005473684210526324,0,0,0,0.005473684210526324,
star-96,96,0.04,0.05,green-ball-screen-or-appr,0,0,0,0,0.005473684210526324,0,0,0,0.005473684210526324,False
star-96,96,0.04,0.05,priority-gs-direct-ppr,0,0,0,190,0.005473684210526324,0,0,0,0.005473684210526324,
star-96,96,0.04,0.05,appr-envelope,0,0,0,0,0.005473684210526324,0,0,0,0.005473684210526324,
star-96,96,0.04,0.05,gs-gap-envelope-oracle-stop,0,0,0,0,0.005473684210526324,0,0,0,0.005473684210526324,
star-96,96,0.04,0.05,priority-gs-positive-key-envelope,0,0,0,0,0.005473684210526324,0,0,0,0.005473684210526324,
star-96,96,0.04,0.05,priority-gs-positive-key-envelope-tuned,0,0,0,0,0.005473684210526324,0,0,0,0.005473684210526324,
star-96,96,0.04,0.1,appr-direct-ppr,0,0,0,0,0.005473684210526324,0,0,0,0.005473684210526324,
star-96,96,0.04,0.1,green-ball-screen-or-appr,0,0,0,0,0.005473684210526324,0,0,0,0.005473684210526324,False
star-96,96,0.04,0.1,priority-gs-direct-ppr,0,0,0,190,0.005473684210526324,0,0,0,0.005473684210526324,
star-96,96,0.04,0.1,appr-envelope,0,0,0,0,0.005473684210526324,0,0,0,0.005473684210526324,
star-96,96,0.04,0.1,gs-gap-envelope-oracle-stop,0,0,0,0,0.005473684210526324,0,0,0,0.005473684210526324,
star-96,96,0.04,0.1,priority-gs-positive-key-envelope,0,0,0,0,0.005473684210526324,0,0,0,0.005473684210526324,
star-96,96,0.04,0.1,priority-gs-positive-key-envelope-tuned,0,0,0,0,0.005473684210526324,0,0,0,0.005473684210526324,
star-96,96,0.16,0.05,appr-direct-ppr,0,0,0,0,0.006105263157894725,0,0,0,0.006105263157894725,
star-96,96,0.16,0.05,green-ball-screen-or-appr,0,0,0,0,0.006105263157894725,0,0,0,0.006105263157894725,False
star-96,96,0.16,0.05,priority-gs-direct-ppr,0,0,0,190,0.006105263157894725,0,0,0,0.006105263157894725,
star-96,96,0.16,0.05,appr-envelope,0,0,0,0,0.006105263157894725,0,0,0,0.006105263157894725,
star-96,96,0.16,0.05,gs-gap-envelope-oracle-stop,0,0,0,0,0.006105263157894725,0,0,0,0.006105263157894725,
star-96,96,0.16,0.05,priority-gs-positive-key-envelope,0,0,0,0,0.006105263157894725,0,0,0,0.006105263157894725,
star-96,96,0.16,0.05,priority-gs-positive-key-envelope-tuned,0,0,0,0,0.006105263157894725,0,0,0,0.006105263157894725,
star-96,96,0.16,0.1,appr-direct-ppr,0,0,0,0,0.006105263157894725,0,0,0,0.006105263157894725,
star-96,96,0.16,0.1,green-ball-screen-or-appr,0,0,0,0,0.006105263157894725,0,0,0,0.006105263157894725,False
star-96,96,0.16,0.1,priority-gs-direct-ppr,0,0,0,190,0.006105263157894725,0,0,0,0.006105263157894725,
star-96,96,0.16,0.1,appr-envelope,0,0,0,0,0.006105263157894725,0,0,0,0.006105263157894725,
star-96,96,0.16,0.1,gs-gap-envelope-oracle-stop,0,0,0,0,0.006105263157894725,0,0,0,0.006105263157894725,
star-96,96,0.16,0.1,priority-gs-positive-key-envelope,0,0,0,0,0.006105263157894725,0,0,0,0.006105263157894725,
star-96,96,0.16,0.1,priority-gs-positive-key-envelope-tuned,0,0,0,0,0.006105263157894725,0,0,0,0.006105263157894725,
binary-depth-7,255,0.01,0.05,appr-direct-ppr,30,11,20,8,0.004822001961228762,0,0,30,0.004822001961228762,
binary-depth-7,255,0.01,0.05,green-ball-screen-or-appr,68,11,20,8,0.004822001961228762,0,0,68,0.004822001961228762,False
binary-depth-7,255,0.01,0.05,priority-gs-direct-ppr,30,11,20,508,0.005167349467625551,0,0,30,0.005167349467625551,
binary-depth-7,255,0.01,0.05,appr-envelope,94,33,44,20,0.0031821674092357985,0,0,94,0.019490969595735635,
binary-depth-7,255,0.01,0.05,gs-gap-envelope-oracle-stop,94,33,2,44,0.009783716456255549,0,0,94,0.019490969595735635,
binary-depth-7,255,0.01,0.05,priority-gs-positive-key-envelope,72,26,2,44,0.009783716456255549,0,0,72,0.019490969595735635,
binary-depth-7,255,0.01,0.05,priority-gs-positive-key-envelope-tuned,80,29,2,20,0.009783716456255549,0,0,80,0.019490969595735635,
binary-depth-7,255,0.01,0.1,appr-direct-ppr,10,4,8,8,0.00654873949321271,0,0,10,0.00654873949321271,
binary-depth-7,255,0.01,0.1,green-ball-screen-or-appr,30,4,8,8,0.00654873949321271,0,0,30,0.00654873949321271,False
binary-depth-7,255,0.01,0.1,priority-gs-direct-ppr,10,4,8,508,0.00654873949321271,0,0,10,0.00654873949321271,
binary-depth-7,255,0.01,0.1,appr-envelope,30,11,20,8,0.004822001961228762,0,0,30,0.019490969595735635,
binary-depth-7,255,0.01,0.1,gs-gap-envelope-oracle-stop,28,10,0,20,0.019490969595735635,0,0,28,0.019490969595735635,
binary-depth-7,255,0.01,0.1,priority-gs-positive-key-envelope,38,14,0,20,0.019490969595735635,0,0,38,0.019490969595735635,
binary-depth-7,255,0.01,0.1,priority-gs-positive-key-envelope-tuned,18,7,2,8,0.009783716456255549,0,0,18,0.019490969595735635,
binary-depth-7,255,0.04,0.05,appr-direct-ppr,10,4,8,8,0.013985893570456067,0,0,10,0.013985893570456067,
binary-depth-7,255,0.04,0.05,green-ball-screen-or-appr,48,4,8,8,0.013985893570456067,0,0,48,0.013985893570456067,False
binary-depth-7,255,0.04,0.05,priority-gs-direct-ppr,10,4,8,508,0.013985893570456067,0,0,10,0.013985893570456067,
binary-depth-7,255,0.04,0.05,appr-envelope,30,11,20,20,0.008383848824123658,2,40,70,0.026295581320384568,
binary-depth-7,255,0.04,0.05,gs-gap-envelope-oracle-stop,68,24,8,44,0.010810055622568052,3,24,92,0.0156289146537179,
binary-depth-7,255,0.04,0.05,priority-gs-positive-key-envelope,58,21,8,44,0.010810055622568052,3,24,82,0.0156289146537179,
binary-depth-7,255,0.04,0.05,priority-gs-positive-key-envelope-tuned,58,21,8,20,0.012648418016713181,3,24,82,0.0156289146537179,
binary-depth-7,255,0.04,0.1,appr-direct-ppr,10,4,8,8,0.013985893570456067,0,0,10,0.013985893570456067,
binary-depth-7,255,0.04,0.1,green-ball-screen-or-appr,30,4,8,8,0.013985893570456067,0,0,30,0.013985893570456067,False
binary-depth-7,255,0.04,0.1,priority-gs-direct-ppr,10,4,8,508,0.013985893570456067,0,0,10,0.013985893570456067,
binary-depth-7,255,0.04,0.1,appr-envelope,10,4,8,8,0.013985893570456067,1,8,18,0.04229558132038457,
binary-depth-7,255,0.04,0.1,gs-gap-envelope-oracle-stop,33,12,2,20,0.025820213097083287,1,2,35,0.04229558132038457,
binary-depth-7,255,0.04,0.1,priority-gs-positive-key-envelope,18,7,2,20,0.025820213097083287,1,2,20,0.04229558132038457,
binary-depth-7,255,0.04,0.1,priority-gs-positive-key-envelope-tuned,18,7,2,8,0.025820213097083287,1,2,20,0.04229558132038457,
binary-depth-7,255,0.16,0.05,appr-direct-ppr,10,4,8,8,0.014921801378834525,0,0,10,0.014921801378834525,
binary-depth-7,255,0.16,0.05,green-ball-screen-or-appr,48,4,8,8,0.014921801378834525,0,0,48,0.014921801378834525,False
binary-depth-7,255,0.16,0.05,priority-gs-direct-ppr,10,4,8,508,0.014921801378834525,0,0,10,0.014921801378834525,
binary-depth-7,255,0.16,0.05,appr-envelope,30,11,20,20,0.005415699882154986,3,60,90,0.020845706431243453,
binary-depth-7,255,0.16,0.05,gs-gap-envelope-oracle-stop,45,16,8,20,0.015323967075409811,3,24,69,0.020845706431243453,
binary-depth-7,255,0.16,0.05,priority-gs-positive-key-envelope,36,13,8,20,0.016044472786718333,3,24,60,0.020845706431243453,
binary-depth-7,255,0.16,0.05,priority-gs-positive-key-envelope-tuned,18,7,8,20,0.019620513469523926,4,32,50,0.01345210973905769,
binary-depth-7,255,0.16,0.1,appr-direct-ppr,8,3,8,2,0.0349146719484848,0,0,8,0.0349146719484848,
binary-depth-7,255,0.16,0.1,green-ball-screen-or-appr,28,3,8,2,0.0349146719484848,0,0,28,0.0349146719484848,False
binary-depth-7,255,0.16,0.1,priority-gs-direct-ppr,8,3,8,508,0.0349146719484848,0,0,8,0.0349146719484848,
binary-depth-7,255,0.16,0.1,appr-envelope,10,4,8,8,0.014921801378834525,2,16,26,0.04484570643124344,
binary-depth-7,255,0.16,0.1,gs-gap-envelope-oracle-stop,13,5,8,8,0.02826686624372718,3,24,37,0.020845706431243453,
binary-depth-7,255,0.16,0.1,priority-gs-positive-key-envelope,10,4,8,8,0.02826686624372718,3,24,34,0.020845706431243453,
binary-depth-7,255,0.16,0.1,priority-gs-positive-key-envelope-tuned,10,4,8,8,0.034872378920571406,3,24,34,0.020845706431243453,
broom-48-47,96,0.01,0.05,appr-direct-ppr,126,70,15,13,0.030761486225362185,0,0,126,0.030761486225362185,
broom-48-47,96,0.01,0.05,green-ball-screen-or-appr,165,70,15,13,0.030761486225362185,0,0,165,0.030761486225362185,False
broom-48-47,96,0.01,0.05,priority-gs-direct-ppr,126,71,15,190,0.029857953220371145,0,0,126,0.029857953220371145,
broom-48-47,96,0.01,0.05,appr-envelope,388,208,23,19,0.014666868498960858,13,299,687,0.025418657589984836,
broom-48-47,96,0.01,0.05,gs-gap-envelope-oracle-stop,990,521,15,23,0.02008161124449734,14,210,1200,0.022876791761655843,
broom-48-47,96,0.01,0.05,priority-gs-positive-key-envelope,497,270,13,23,0.024544192218514328,13,169,666,0.025418657589984836,
broom-48-47,96,0.01,0.05,priority-gs-positive-key-envelope-tuned,479,262,13,19,0.026846816115489794,14,182,661,0.024544192218514328,
broom-48-47,96,0.01,0.1,appr-direct-ppr,32,19,9,7,0.05093699163766929,0,0,32,0.05093699163766929,
broom-48-47,96,0.01,0.1,green-ball-screen-or-appr,51,19,9,7,0.05093699163766929,0,0,51,0.05093699163766929,False
broom-48-47,96,0.01,0.1,priority-gs-direct-ppr,42,25,9,190,0.04591502490394995,0,0,42,0.04591502490394995,
broom-48-47,96,0.01,0.1,appr-envelope,126,70,15,13,0.030761486225362185,6,90,216,0.05314409930669483,
broom-48-47,96,0.01,0.1,gs-gap-envelope-oracle-stop,373,201,7,17,0.044812511877596606,4,28,401,0.06560999930669482,
broom-48-47,96,0.01,0.1,priority-gs-positive-key-envelope,181,102,7,17,0.044812511877596606,4,28,209,0.06560999930669482,
broom-48-47,96,0.01,0.1,priority-gs-positive-key-envelope-tuned,168,96,7,13,0.04505488729049914,6,42,210,0.05314409930669483,
broom-48-47,96,0.04,0.05,appr-direct-ppr,59,34,11,9,0.02306123540017538,0,0,59,0.02306123540017538,
broom-48-47,96,0.04,0.05,green-ball-screen-or-appr,21,0,21,190,nan,10,210,231,0.02147483647999987,True
broom-48-47,96,0.04,0.05,priority-gs-direct-ppr,48,28,11,190,0.027789830425015233,0,0,48,0.027789830425015233,
broom-48-47,96,0.04,0.05,appr-envelope,116,64,15,13,0.010925573753755517,10,150,266,0.02147483647999987,
broom-48-47,96,0.04,0.05,gs-gap-envelope-oracle-stop,201,109,11,15,0.018631244116337403,11,121,322,0.017558299039780463,
broom-48-47,96,0.04,0.05,priority-gs-positive-key-envelope,124,70,11,15,0.020432280460968302,11,121,245,0.017558299039780463,
broom-48-47,96,0.04,0.05,priority-gs-positive-key-envelope-tuned,125,71,9,13,0.026962514312201202,11,99,224,0.02633744855967072,
broom-48-47,96,0.04,0.1,appr-direct-ppr,21,13,7,7,0.04961841497474033,0,0,21,0.04961841497474033,
broom-48-47,96,0.04,0.1,green-ball-screen-or-appr,19,0,19,190,nan,7,133,152,0.041943039999999876,True
broom-48-47,96,0.04,0.1,priority-gs-direct-ppr,21,13,7,190,0.04961841497474033,0,0,21,0.04961841497474033,
broom-48-47,96,0.04,0.1,appr-envelope,59,34,11,9,0.02306123540017538,6,66,125,0.05242879999999986,
broom-48-47,96,0.04,0.1,gs-gap-envelope-oracle-stop,102,57,7,11,0.039506172839506096,7,49,151,0.041943039999999876,
broom-48-47,96,0.04,0.1,priority-gs-positive-key-envelope,61,36,7,11,0.039506172839506096,7,49,110,0.041943039999999876,
broom-48-47,96,0.04,0.1,priority-gs-positive-key-envelope-tuned,68,40,7,9,0.049183918929204457,8,56,124,0.039506172839506096,
broom-48-47,96,0.16,0.05,appr-direct-ppr,15,9,7,5,0.023365078182601973,0,0,15,0.023365078182601973,
broom-48-47,96,0.16,0.05,green-ball-screen-or-appr,11,0,11,190,nan,6,66,77,0.018662400000000023,True
broom-48-47,96,0.16,0.05,priority-gs-direct-ppr,15,9,7,190,0.023365078182601973,0,0,15,0.023365078182601973,
broom-48-47,96,0.16,0.05,appr-envelope,16,10,7,7,0.01839307475134634,6,42,58,0.018662400000000023,
broom-48-47,96,0.16,0.05,gs-gap-envelope-oracle-stop,33,19,7,9,0.020230483966666934,7,49,82,0.013494377342773842,
broom-48-47,96,0.16,0.05,priority-gs-positive-key-envelope,27,16,7,9,0.02052967882073453,7,49,76,0.013494377342773842,
broom-48-47,96,0.16,0.05,priority-gs-positive-key-envelope-tuned,28,17,7,7,0.024363291200807963,7,49,77,0.013494377342773842,
broom-48-47,96,0.16,0.1,appr-direct-ppr,9,6,5,5,0.03730554339903986,0,0,9,0.03730554339903986,
broom-48-47,96,0.16,0.1,green-ball-screen-or-appr,9,0,9,190,nan,5,45,54,0.03110400000000002,True
broom-48-47,96,0.16,0.1,priority-gs-direct-ppr,9,6,5,190,0.03730554339903986,0,0,9,0.03730554339903986,
broom-48-47,96,0.16,0.1,appr-envelope,15,9,7,5,0.023365078182601973,5,35,50,0.03110400000000002,
broom-48-47,96,0.16,0.1,gs-gap-envelope-oracle-stop,20,12,5,7,0.038772015813975325,5,25,45,0.0314868804664723,
broom-48-47,96,0.16,0.1,priority-gs-positive-key-envelope,17,11,5,7,0.03730135575899071,5,25,42,0.0314868804664723,
broom-48-47,96,0.16,0.1,priority-gs-positive-key-envelope-tuned,17,11,5,5,0.046582522736641915,6,30,47,0.0314868804664723,
grid-12x12,144,0.01,0.05,appr-direct-ppr,28,10,18,18,0.009354330311298589,0,0,28,0.009354330311298589,
grid-12x12,144,0.01,0.05,green-ball-screen-or-appr,67,10,18,18,0.009354330311298589,0,0,67,0.009354330311298589,False
grid-12x12,144,0.01,0.05,priority-gs-direct-ppr,46,15,26,528,0.0095076049896222,0,0,46,0.0095076049896222,
grid-12x12,144,0.01,0.05,appr-envelope,130,41,44,32,0.0065599228274306216,0,0,130,0.024102803340523296,
grid-12x12,144,0.01,0.05,gs-gap-envelope-oracle-stop,204,64,2,44,0.01448871855952377,0,0,204,0.024102803340523296,
grid-12x12,144,0.01,0.05,priority-gs-positive-key-envelope,136,44,2,44,0.01448871855952377,0,0,136,0.024102803340523296,
grid-12x12,144,0.01,0.05,priority-gs-positive-key-envelope-tuned,107,36,8,26,0.010917978662855363,1,8,115,0.0191028033405233,
grid-12x12,144,0.01,0.1,appr-direct-ppr,10,4,8,8,0.011253741596480932,0,0,10,0.011253741596480932,
grid-12x12,144,0.01,0.1,green-ball-screen-or-appr,28,4,8,8,0.011253741596480932,0,0,28,0.011253741596480932,False
grid-12x12,144,0.01,0.1,priority-gs-direct-ppr,10,4,8,528,0.011253741596480932,0,0,10,0.011253741596480932,
grid-12x12,144,0.01,0.1,appr-envelope,28,10,18,18,0.009354330311298589,0,0,28,0.024102803340523296,
grid-12x12,144,0.01,0.1,gs-gap-envelope-oracle-stop,35,12,0,18,0.024102803340523296,0,0,35,0.024102803340523296,
grid-12x12,144,0.01,0.1,priority-gs-positive-key-envelope,48,17,0,18,0.024102803340523296,0,0,48,0.024102803340523296,
grid-12x12,144,0.01,0.1,priority-gs-positive-key-envelope-tuned,18,7,2,12,0.01448871855952377,0,0,18,0.024102803340523296,
grid-12x12,144,0.04,0.05,appr-direct-ppr,28,10,18,12,0.015060796430910562,0,0,28,0.015060796430910562,
grid-12x12,144,0.04,0.05,green-ball-screen-or-appr,67,10,18,12,0.015060796430910562,0,0,67,0.015060796430910562,False
grid-12x12,144,0.04,0.05,priority-gs-direct-ppr,28,10,18,528,0.015060796430910562,0,0,28,0.015060796430910562,
grid-12x12,144,0.04,0.05,appr-envelope,54,18,26,26,0.010733940536759147,3,78,132,0.02127513908339821,
grid-12x12,144,0.04,0.05,gs-gap-envelope-oracle-stop,134,43,12,32,0.01584366813782645,3,36,170,0.02127513908339821,
grid-12x12,144,0.04,0.05,priority-gs-positive-key-envelope,81,27,8,32,0.020009633857128773,3,24,105,0.02127513908339821,
grid-12x12,144,0.04,0.05,priority-gs-positive-key-envelope-tuned,66,23,8,26,0.020009633857128773,3,24,90,0.02127513908339821,
grid-12x12,144,0.04,0.1,appr-direct-ppr,10,4,8,8,0.02010263670260973,0,0,10,0.02010263670260973,
grid-12x12,144,0.04,0.1,green-ball-screen-or-appr,28,4,8,8,0.02010263670260973,0,0,28,0.02010263670260973,False
grid-12x12,144,0.04,0.1,priority-gs-direct-ppr,10,4,8,528,0.02010263670260973,0,0,10,0.02010263670260973,
grid-12x12,144,0.04,0.1,appr-envelope,28,10,18,12,0.015060796430910562,1,18,46,0.04794180575006488,
grid-12x12,144,0.04,0.1,gs-gap-envelope-oracle-stop,41,14,2,18,0.03193695622923695,1,2,43,0.04794180575006488,
grid-12x12,144,0.04,0.1,priority-gs-positive-key-envelope,30,11,2,18,0.03193695622923695,1,2,32,0.04794180575006488,
grid-12x12,144,0.04,0.1,priority-gs-positive-key-envelope-tuned,18,7,2,12,0.03193695622923695,1,2,20,0.04794180575006488,
grid-12x12,144,0.16,0.05,appr-direct-ppr,10,4,8,8,0.021259305759125713,0,0,10,0.021259305759125713,
grid-12x12,144,0.16,0.05,green-ball-screen-or-appr,49,4,8,8,0.021259305759125713,0,0,49,0.021259305759125713,False
grid-12x12,144,0.16,0.05,priority-gs-direct-ppr,10,4,8,528,0.021259305759125713,0,0,10,0.021259305759125713,
grid-12x12,144,0.16,0.05,appr-envelope,28,10,18,18,0.009204690973771657,3,54,82,0.022891031696909057,
grid-12x12,144,0.16,0.05,gs-gap-envelope-oracle-stop,44,15,8,18,0.021259305759125713,3,24,68,0.022891031696909057,
grid-12x12,144,0.16,0.05,priority-gs-positive-key-envelope,28,10,8,18,0.021259305759125713,3,24,52,0.022891031696909057,
grid-12x12,144,0.16,0.05,priority-gs-positive-key-envelope-tuned,22,8,8,18,0.021665838735189513,4,32,54,0.021259305759125713,
grid-12x12,144,0.16,0.1,appr-direct-ppr,8,3,8,2,0.036959997214150386,0,0,8,0.036959997214150386,
grid-12x12,144,0.16,0.1,green-ball-screen-or-appr,26,3,8,2,0.036959997214150386,0,0,26,0.036959997214150386,False
grid-12x12,144,0.16,0.1,priority-gs-direct-ppr,8,3,8,528,0.036959997214150386,0,0,8,0.036959997214150386,
grid-12x12,144,0.16,0.1,appr-envelope,10,4,8,8,0.021259305759125713,2,16,26,0.04689103169690905,
grid-12x12,144,0.16,0.1,gs-gap-envelope-oracle-stop,13,5,8,12,0.030312191509392766,3,24,37,0.022891031696909057,
grid-12x12,144,0.16,0.1,priority-gs-positive-key-envelope,10,4,8,12,0.030312191509392766,3,24,34,0.022891031696909057,
grid-12x12,144,0.16,0.1,priority-gs-positive-key-envelope-tuned,10,4,8,8,0.036917704186236994,3,24,34,0.022891031696909057,
